Country Name,Code,income,education,GDP growth,GDP,gini,gni,educational expenditure,inflation,elderly,population density,undernourishment,unemployment
,,Adjusted net national income per capita (constant 2015 US$),"Educational attainment, at least completed post-secondary, population 25+, total (%) (cumulative)",GDP per capita growth (annual %),"GDP per capita, PPP (current international $)",Gini index,"GNI, PPP (current international $)","Government expenditure on education, total (% of government expenditure)","Inflation, consumer prices (annual %)",Population ages 65 and above (% of total population),Population density (people per sq. km of land area),Prevalence of undernourishment (% of population),"Unemployment, total (% of total labor force) (national estimate)"
Afghanistan,AFG,..,..,1.535636674,2152.190243,..,83174634965,11.34377003,2.302372515,2.615794214,58.32567806,26.9,..
Albania,ALB,3621.917959,..,2.523893723,13999.42397,30.8,39434065969,13.43000031,1.41109079,14.20263062,104.1675547,4.3,11.47000027
Algeria,DZA,3580.583591,..,-0.934555885,12008.26483,..,5.04E+11,14.46348,1.951768211,6.552777882,18.07629545,2.5,..
American Samoa,ASM,..,..,-0.219737965,..,..,..,..,..,..,276.56,..,..
Andorra,AND,..,..,1.833060593,..,..,..,10.89523983,..,..,164.1404255,..,..
Angola,AGO,2903.384678,..,-3.868559124,6995.299736,..,2.03E+11,6.045355797,17.08121521,2.19934175,25.52763215,17.9,..
Antigua and Barbuda,ATG,..,..,3.96278456,22772.30934,..,2072545831,8.54749012,1.431355982,9.054964064,220.7159091,..,..
Argentina,ARG,10423.89084,..,-2.994387889,22997.39176,42.9,9.93E+11,12.5300703,..,11.24310827,16.42082662,3.5,9.840000153
Armenia,ARM,3827.659035,..,7.38219728,14230.01487,29.9,42641728944,10.01000023,1.443446608,11.48366772,103.889287,3.1,12.19999981
Aruba,ABW,..,..,-2.512956903,39834.2239,..,4038654381,..,4.257462043,14.05835544,590.6111111,..,..
Australia,AUS,..,49.61824036,0.571102988,51748.39772,..,1.27E+12,..,1.610767873,15.92120175,3.297670183,2.5,5.159999847
Austria,AUT,37607.71964,32.11796188,1.04090812,58076.3488,30.2,5.14E+11,..,1.530895642,19.07560629,107.6093068,2.5,4.489999771
Azerbaijan,AZE,..,30.02013969,1.635850481,15051.56128,..,1.45E+11,8.290690422,2.610571828,6.44638912,121.2800711,2.5,4.849999905
"Bahamas, The",BHS,29292.7174,..,0.888676588,38063.81604,..,14147593739,11.26228237,2.491235274,7.483272654,38.90969031,..,..
Bahrain,BHR,16202.81945,..,-2.298051243,47224.23713,..,72968493134,8.489999771,1.005820047,2.518809729,2095.994891,..,..
Bangladesh,BGD,1409.978983,16.20527077,6.777292217,5784.269636,..,9.82E+11,9.273750305,5.591996399,5.180351348,1252.563363,11,..
Barbados,BRB,..,..,-0.74220746,16153.97126,..,4403223696,10.77849007,4.100289645,16.23099033,667.4906977,3.7,8.409999847
Belarus,BLR,5271.029071,73.76670074,1.604818192,20092.88037,25.3,1.84E+11,13.33073997,5.59815595,15.20084135,46.41075062,2.5,4.159999847
Belgium,BEL,35463.78816,37.06785965,1.561146953,54278.38945,27.2,6.29E+11,..,1.43681957,19.00656607,379.4247028,2.5,5.360000134
Belize,BLZ,3547.946272,..,0.063361176,7454.532388,..,2665380633,22.20202065,..,4.86738926,17.11315213,6.8,9.050000191
Benin,BEN,1068.538444,..,4.003089135,3426.049089,..,40028224270,..,-0.705026635,3.264884925,104.6572455,7.7,..
Bermuda,BMU,..,..,0.317253011,85129.07046,..,5515328785,..,..,..,1183.537037,..,..
Bhutan,BTN,2636.377031,..,4.549737283,12365.51384,..,8581822999,20.38315964,2.725821043,6.092974373,20.00770844,..,..
Bolivia,BOL,2880.79095,31.09922981,0.796515958,9092.687044,41.6,1.03E+11,13.52000046,1.83954505,7.338631646,10.62780578,11.9,3.819999933
Bosnia and Herzegovina,BIH,4835.197712,..,3.545336186,15711.2377,..,51693198133,..,0.562782154,17.20115117,64.47261719,2.5,15.68999958
Botswana,BWA,5322.257958,..,1.122135896,17096.78778,..,37319296925,15.35271645,2.772864429,4.365895341,4.064903923,22.1,20.09000015
Brazil,BRA,7383.383263,..,0.462903687,15358.08949,53.5,3.14E+12,..,3.732976212,9.251608036,25.25077577,2.6,12.05000019
British Virgin Islands,VGB,..,..,..,..,..,..,12.19546032,..,..,200.22,..,..
Brunei Darussalam,BRN,25011.84686,..,2.829690022,64718.8325,..,28794177324,..,-0.390522069,5.208811752,82.21935484,5.8,6.920000076
Bulgaria,BGR,7113.058163,..,4.772502064,24497.62727,40.3,1.66E+11,..,3.103729448,21.25296727,64.25719418,3,4.230000019
Burkina Faso,BFA,664.6459156,..,2.724072125,2267.320963,..,43649502056,..,-3.23338934,2.407287537,74.27406067,14.1,..
Burundi,BDI,204.2092967,..,-1.323758173,783.1577656,..,9056201897,21.22216606,-0.686772171,2.312095315,449.0100078,..,..
Cabo Verde,CPV,2980.272287,..,4.481830156,7474.510419,..,4023051285,15.15369987,1.106666743,4.698373444,136.4605459,14.5,11.28999996
Cambodia,KHM,1296.436465,..,5.516808289,4574.028452,..,71056602385,11.82999992,1.942575008,4.717769196,93.39758668,6,0.5
Cameroon,CMR,1198.623602,..,0.835333751,3900.822515,..,98793921693,14.09466934,2.452802141,2.723649908,54.7405111,6.7,..
Canada,CAN,37041.01059,..,0.426917853,49299.21177,..,1.83E+12,..,1.949269024,17.64789689,4.193949311,2.5,5.659999847
Cayman Islands,CYM,..,..,2.631999287,76836.49896,..,3698959054,..,..,..,270.6166667,..,..
Central African Republic,CAF,413.7040184,..,1.38780065,985.9877166,..,5025639523,9.797812462,2.685373553,2.81479015,7.616904234,49.2,..
Chad,TCD,471.8619751,..,0.209664512,1646.293573,..,25849639576,14.21378994,-0.971939175,2.491641623,12.66429638,31.7,..
Channel Islands,CHI,..,..,..,..,..,..,..,..,17.60140254,..,..,..
Chile,CHL,10950.87876,..,-0.414485105,25322.71106,..,4.62E+11,..,2.557544757,11.88154013,25.48919885,2.6,7.269999981
China,CHN,7453.102186,..,5.575316863,16652.0988,38.2,2.34E+13,11.22999954,2.899234164,11.47219302,149.3675732,2.5,5.150000095
Colombia,COL,5355.034764,0,1.796283366,15673.09435,51.3,7.72E+11,13.71910954,3.525492736,8.765830007,45.37128707,7.2,9.960000038
Comoros,COM,1172.004564,..,-0.459940494,3188.083106,..,2658157241,..,..,3.055403427,457.222461,..,..
"Congo, Dem. Rep.",COD,455.3619725,..,1.110159543,1144.287321,..,93915489290,..,..,3.016939617,38.28348206,37.7,..
"Congo, Rep.",COG,546.780565,..,-2.614952336,3987.163642,..,16854349031,17.93088913,2.206073058,2.721415896,15.7555022,29.9,..
Costa Rica,CRI,11291.56499,..,1.441173774,22632.44207,48.2,1.07E+11,24.55101013,2.096046353,9.880435323,98.85548374,3.4,10.81000042
Cote d'Ivoire,CIV,2178.230963,..,3.557682501,5432.547727,..,1.36E+11,17.37957954,-1.10686344,2.873119343,80.86966667,4.7,2.400000095
Croatia,HRV,11921.64736,..,4.056979224,30543.93375,28.9,1.24E+11,..,0.771820346,20.86013523,72.64050104,2.5,6.619999886
Cuba,CUB,..,..,-0.123773042,..,..,..,..,..,15.56495916,109.1857803,2.5,..
Curacao,CUW,..,..,-2.208758183,24657.76263,..,4053622380,..,2.622207834,17.16883689,354.5968468,..,..
Cyprus,CYP,23584.375,..,3.864533601,42338.87891,31.2,35581766435,..,0.250370997,14.04826565,129.7158009,2.5,7.070000172
Czechia,CZE,14840.1315,..,2.624557435,42847.00474,25.3,4.30E+11,..,2.847875959,19.80074484,138.2268103,2.5,2.00999999
Denmark,DNK,49191.39884,..,1.749614095,58700.97467,27.7,3.51E+11,..,0.758131573,19.96525913,145.36055,2.5,5.019999981
Djibouti,DJI,2887.956231,..,3.958631359,5482.012136,..,5174904158,..,3.319253727,4.609063643,41.99987058,13.1,..
Dominica,DMA,..,..,5.235083537,12850.2005,..,908466096.8,8.298299789,1.504623539,..,95.744,6.5,..
Dominican Republic,DOM,7360.685505,..,3.958404175,19190.00888,41.9,1.97E+11,22.34151077,1.81060377,7.298389658,222.2926309,7,6.179999828
Ecuador,ECU,4554.158981,..,-1.653249634,11850.49495,45.7,2.00E+11,11.60818005,0.266012515,7.372199367,69.95352311,13.7,3.809999943
"Egypt, Arab Rep.",EGY,3338.181175,..,3.492046874,12259.71657,..,1.19E+12,11.64000034,9.152799593,5.276332976,100.8469295,5,7.849999905
El Salvador,SLV,3247.788511,..,1.862065946,9146.512043,38.8,56092433578,12.44863987,0.075324135,8.469582569,311.4647683,8.3,4.170000076
Equatorial Guinea,GNQ,3223.518362,..,-8.759054635,19385.41369,..,19267852910,..,1.238698602,2.424508808,48.34160428,..,..
Eritrea,ERI,..,..,..,..,..,..,..,..,..,28.88256715,..,..
Estonia,EST,17000.25188,..,3.713646751,37851.30077,30.8,49285832001,..,2.277259312,19.99180778,31.03754386,2.5,4.510000229
Eswatini,SWZ,2941.504015,..,1.541889247,9018.115773,..,9371500969,18.51000023,2.598016203,4.014789266,66.7519186,11.1,..
Ethiopia,ETH,846.0889295,..,5.604369736,2315.158138,..,2.58E+11,..,15.80963217,3.516690455,99.31031464,21.9,..
Faroe Islands,FRO,..,..,..,..,..,..,15.41215134,..,..,34.86891117,..,..
Fiji,FJI,..,..,-1.168767783,14261.83161,30.7,11651589733,16.83370018,1.773101825,5.624229594,48.71127531,4.9,..
Finland,FIN,37569.06016,37.57275009,1.109278713,50321.53969,27.7,2.79E+11,..,1.02409393,22.14064462,18.16736091,2.5,6.690000057
France,FRA,32540.56643,32.30461121,1.620358453,49072.36383,..,3.37E+12,..,1.108254923,20.39137028,122.8163022,2.5,8.409999847
French Polynesia,PYF,..,..,2.405457311,..,..,..,..,..,8.68067615,80.46240277,4.1,..
Gabon,GAB,5906.039477,..,1.371169209,15576.64316,..,31107442947,14.15939045,2.464567562,3.544727257,8.431629604,16.6,..
"Gambia, The",GMB,553.1417357,..,3.16329441,2320.305837,..,5357264419,..,7.115676256,2.560925431,231.9857708,18,..
Georgia,GEO,4011.793978,57.00445175,5.162618817,15621.87366,35.9,55529116310,..,4.852898217,15.06105563,65.08556982,7.8,11.56999969
Germany,DEU,36700.34157,..,0.827864779,55652.88749,..,4.77E+12,..,1.445667015,21.56299232,237.8229543,2.5,3.140000105
Ghana,GHA,1613.567214,..,4.229181264,5773.860982,..,1.68E+11,..,7.143640033,3.097322178,133.6813659,5.2,..
Gibraltar,GIB,..,..,..,..,..,..,..,..,..,3370.6,..,..
Greece,GRC,15848.28672,..,1.910891048,30356.2664,33.1,3.23E+11,..,0.253007522,21.94147013,83.17751746,2.5,17.30999947
Greenland,GRL,..,14.40657043,1.903879999,..,..,..,17.43354416,..,..,0.136983798,..,..
Grenada,GRD,..,..,0.178625591,17579.4611,..,1774835465,..,0.598149765,9.677419355,329.4176471,..,..
Guam,GUM,..,..,1.604283733,..,..,..,..,..,10.18984542,309.8055556,..,..
Guatemala,GTM,3693.800203,4.505449772,2.258711898,9018.51752,..,1.47E+11,23.75538063,3.69998398,4.928984331,154.946118,16.3,2.190000057
Guinea,GIN,777.6655706,..,2.664940943,2674.633599,..,32480414771,12.40536022,9.470779373,2.94190559,51.97479245,..,5.019999981
Guinea-Bissau,GNB,528.2005632,..,1.964201464,2021.136428,..,3964364606,..,0.246600268,2.863260455,68.31141536,..,..
Guyana,GUY,..,..,4.845497408,13634.30959,..,10576407655,..,2.087230892,6.711584305,3.976504953,5,13.52000046
Haiti,HTI,1349.444747,..,-2.90574712,3203.037737,..,36197223305,..,18.70378257,5.063669546,408.6748549,46.4,..
Honduras,HND,2113.365571,..,0.98266168,5978.274828,48.2,53649117166,20.11774063,4.365871598,4.828189524,87.10443293,13.3,5.550000191
"Hong Kong SAR, China",HKG,..,31.06777954,-2.402462716,62103.41335,..,4.90E+11,20.31401062,2.883208538,17.49825246,7150.380952,2.5,2.930000067
Hungary,HUN,12081.72801,..,4.601390464,33514.94179,30,3.19E+11,..,3.338586354,19.69445761,107.0692636,2.5,3.420000076
Iceland,ISL,47909.92751,46.31018066,0.206935275,58290.09683,..,20828277679,..,3.013971792,15.19212107,3.575949618,2.5,3.50999999
India,IND,1734.246365,..,2.692089827,6971.687276,35.7,9.43E+12,16.72864914,3.729505735,6.377924156,459.5796959,14.6,5.269999981
Indonesia,IDN,3089.216015,..,3.87255979,12310.62737,37.6,3.23E+12,17.34800148,3.03058665,6.050302682,144.1399885,6.2,3.589999914
"Iran, Islamic Rep.",IRN,..,..,-2.665383742,15532.51636,40.9,1.29E+12,21.24616051,39.90734557,6.358522055,51.10255347,4.9,10.73999977
Iraq,IRQ,4267.411124,..,3.161969237,11349.40215,..,4.44E+11,..,-0.19896538,3.398533134,90.54884504,17.4,..
Ireland,IRL,39491.46465,..,3.491900991,87379.69297,..,3.35E+11,..,0.939044481,14.22283075,71.62636087,2.5,4.949999809
Isle of Man,IMN,..,..,-0.356701749,..,..,..,..,..,..,148.4017544,..,..
Israel,ISR,34180.73527,..,1.811358909,40004.03051,..,3.60E+11,..,0.844128709,12.20867441,418.3918669,2.5,3.799999952
Italy,ITA,26887.67883,..,1.665736551,44376.1625,..,2.67E+12,..,0.611246944,23.01213665,201.9805456,2.5,9.949999809
Jamaica,JAM,4625.256016,..,0.432912117,10189.6402,..,29198697232,17.31398964,3.905100009,8.922391673,272.23241,7.5,4.989999771
Japan,JPN,28165.20221,..,-0.100125011,42282.55089,..,5.56E+12,..,0.468776159,28.00204928,347.4156379,2.8,2.349999905
Jordan,JOR,3913.161277,..,0.579046463,10496.43835,..,1.06E+11,9.859749794,0.761514047,3.893416292,113.765536,14.6,16.79999924
Kazakhstan,KAZ,8253.033939,..,3.16101154,27463.97155,..,4.45E+11,14.10953045,5.245476796,7.652343941,6.85767789,2.5,4.800000191
Kenya,KEN,1320.780917,..,2.752123824,4647.409761,..,2.40E+11,..,5.235859994,2.42382671,92.37440173,25.6,5.010000229
Kiribati,KIR,..,..,-2.033114973,2191.529089,27.8,540111928.5,12.39466,-1.813079953,4.082274714,145.1950617,4,..
"Korea, Dem. People's Rep.",PRK,..,..,..,..,..,..,..,..,9.25808889,213.1563658,43,..
"Korea, Rep.",KOR,25086.50599,..,1.8889146,42998.38824,..,2.25E+12,..,0.383000304,15.0601769,530.3772746,2.5,3.75
Kosovo,XKX,..,..,5.237433159,11796.15331,..,21582207330,..,2.675992026,..,..,..,25.06999969
Kuwait,KWT,28921.9718,..,-2.201036228,52054.71258,..,2.48E+11,12.82629967,1.091848027,2.763838983,236.0873737,2.5,..
Kyrgyz Republic,KGZ,997.1578239,..,2.439335207,5480.293907,29.7,32273625655,16.47274971,1.133622577,4.600294583,33.66110532,5.2,4.25
Lao PDR,LAO,..,..,3.869747641,8219.505763,..,55519349514,..,3.322558813,4.163984571,31.06350087,5.4,..
Latvia,LVA,12924.70354,48.33951187,3.199320082,31883.25911,34.5,60106254156,..,2.811409201,20.336511,30.75549199,2.5,6.309999943
Lebanon,LBN,5787.547405,..,-6.864701136,15105.05921,..,1.01E+11,8.143950462,3.005389494,7.273291633,670.1572825,9,11.30000019
Lesotho,LSO,1019.003238,..,1.585560805,2768.216136,..,6663563244,13.13586044,5.187083592,4.925825825,70.00220685,31.2,16.87999916
Liberia,LBR,..,..,-4.806127324,1531.794745,..,6757067307,..,..,3.285693974,51.26011213,39.2,..
Libya,LBY,..,..,-12.49141441,22764.47805,..,1.56E+11,..,..,4.458238878,3.851832297,..,..
Liechtenstein,LIE,..,..,..,..,..,..,..,..,..,237.625,..,..
Lithuania,LTU,14584.15025,..,4.850949754,38540.78145,35.3,1.04E+11,..,2.33450938,20.15841271,44.6205206,2.5,6.260000229
Luxembourg,LUX,57006.54441,..,1.276272647,117341.9151,34.2,48164494691,..,1.743320757,14.27494888,240.827591,2.5,5.590000153
"Macao SAR, China",MAC,..,..,-3.853485682,132644.0343,..,75349339862,16.59794998,2.751930811,11.21173559,19466.44377,4.6,1.75
Madagascar,MDG,393.2997057,..,1.663182479,1686.842064,..,44035015006,17.95279121,5.610514415,3.044064128,46.35494328,47.4,..
Malawi,MWI,..,..,2.699812282,1602.01559,38.5,29346139391,14.59023952,9.370836056,2.642024179,197.589616,17.6,..
Malaysia,MYS,8071.010888,22.55147934,3.06077626,29620.97866,..,9.22E+11,17.68560028,0.662891866,6.920771309,97.24483032,2.6,3.25999999
Maldives,MDV,6773.039846,..,3.813201205,20333.92415,29.3,9718623553,12.05595016,0.220029731,3.641000239,1769.856667,..,4.559999943
Mali,MLI,649.4221311,..,1.663955253,2419.688689,..,45651990408,14.63601494,-1.658266948,2.495127818,16.11062457,5.6,..
Malta,MLT,..,..,1.780103596,47407.88079,31,22133320166,..,1.642060018,20.81717275,1575.19375,2.5,3.619999886
Marshall Islands,MHL,..,..,5.957171986,4218.936639,35.5,305356286.8,24.80999947,..,..,326.6166667,..,..
Mauritania,MRT,1623.622908,..,2.899922064,5569.539163,..,24898623810,10.22801971,2.300092621,3.156243813,4.390897448,9.2,..
Mauritius,MUS,10328.69982,..,2.979170025,23834.965,..,33768762515,18.67692947,0.40565519,11.99872723,623.5029557,7.2,6.329999924
Mexico,MEX,7830.560385,..,-1.269321979,19862.5632,..,2.46E+12,..,3.635961421,7.416660604,65.62696006,6,3.480000019
"Micronesia, Fed. Sts.",FSM,..,..,0.133804334,3611.363949,..,457148334,18.10730934,1.539071461,4.192768967,162.5871429,..,..
Moldova,MDA,3209.023537,..,5.365698129,13576.29474,26,38065861101,19.46438026,4.837783514,12.01311911,92.78220514,..,5.099999905
Monaco,MCO,..,..,6.123770179,..,..,..,5.029270172,..,..,19223.97632,..,..
Mongolia,MNG,3514.137809,..,3.802940082,13013.04724,..,37325149941,16.53417969,7.304815975,4.189333452,2.071054379,4,9.270000458
Montenegro,MNE,7433.625792,..,4.096236943,23072.58274,..,14513073433,..,0.361563705,15.38917207,46.24743494,2.5,15.13000011
Morocco,MAR,2729.843994,..,1.340393575,7865.262207,..,2.86E+11,15.46756077,0.303386037,7.300454771,81.72029128,4.4,..
Mozambique,MOZ,424.5817838,..,-0.616865368,1335.877014,..,39836384671,19.03367996,2.781106312,2.878446169,38.61497368,31.8,..
Myanmar,MMR,1229.623489,10.60023022,6.084612683,4939.747975,..,2.58E+11,10.56412983,8.825066968,6.0117046,82.80285277,2.5,0.409999996
Namibia,NAM,4107.521623,..,-2.758263063,10223.21253,..,24876280093,26.39039993,3.722394144,3.608054423,3.029945706,18.9,..
Nauru,NRU,..,..,-0.798959495,14096.62255,..,217914898.5,..,..,..,538.2,..,..
Nepal,NPL,1069.642309,..,4.744512715,4119.584979,..,1.19E+11,15.76000023,5.568685478,5.782567617,199.5724799,4.8,..
Netherlands,NLD,40640.40077,..,1.289889121,59004.32497,29.2,1.03E+12,..,2.633699102,19.60531972,515.1432729,2.5,3.380000114
New Caledonia,NCL,..,..,..,..,..,..,..,..,9.426702034,14.84135667,6.8,10.88000011
New Zealand,NZL,34711.57968,..,0.57930066,45554.8094,..,2.21E+11,..,1.619631902,15.99395617,18.91003,2.5,4.110000134
Nicaragua,NIC,1727.349834,..,-4.955918716,5675.564316,..,35773935963,23.95000076,5.376289908,5.457992374,54.39174838,17.5,..
Niger,NER,528.0685045,..,1.997062626,1276.049385,..,31041675319,13.01280975,-2.489792651,2.596711426,18.40271493,..,..
Nigeria,NGA,1895.375862,..,-0.379752402,5352.241119,..,1.04E+12,5.854971886,11.39679497,2.743083338,220.6524183,12,10.69999981
North Macedonia,MKD,4553.956007,..,3.886552146,17546.41692,..,34757345293,..,0.766439573,14.08542237,82.34314036,3.1,17.26000023
Northern Mariana Islands,MNP,..,..,-11.64579119,..,..,..,..,..,..,124.376087,..,..
Norway,NOR,59346.51461,40.8385582,0.067992626,66799.16472,27.7,3.68E+11,..,2.167730033,17.27266592,14.6479975,2.5,3.690000057
Oman,OMN,10050.53836,..,-4.021127167,32604.34544,..,1.51E+11,12.42101955,0.133795057,2.448589805,16.07428756,8.8,..
Pakistan,PAK,1225.375578,4.14662981,0.444975728,5542.208851,..,1.18E+12,11.59167957,10.5783618,4.322407709,280.9325926,14.1,4.829999924
Palau,PLW,..,..,-2.386734826,17954.12383,..,344228788.3,15.65655231,0.267379679,..,39.1326087,..,..
Panama,PAN,12443.62795,26.7175808,1.292536242,32767.18697,49.8,1.30E+11,10.09027004,-0.355083821,8.313836605,57.24507954,5.4,6.409999847
Papua New Guinea,PNG,..,..,2.459006947,4473.77725,..,37606209092,..,3.928672909,3.509425418,19.37932032,21.9,..
Paraguay,PRY,5165.583194,..,-1.65407082,13147.96186,45.7,89886055111,11.94795036,2.757097276,6.620824696,17.73128366,8.2,6.590000153
Peru,PER,5658.666853,..,0.601543694,13401.00669,41.6,4.20E+11,17.76287079,2.252121914,8.39347886,25.39879844,8.1,3.380000114
Philippines,PHL,3558.62611,30.37619019,4.680376447,9290.966062,..,1.11E+12,17.48324013,2.392065344,5.31499622,362.6006037,5.5,2.24000001
Poland,POL,12741.90303,..,4.770539442,33797.76736,..,1.23E+12,11.99291134,2.227478809,18.11689725,124.0255954,2.5,3.279999971
Portugal,PRT,17329.86697,21.43581963,2.658392093,36172.07254,32.8,3.62E+11,..,0.33817841,22.35669072,112.2885828,2.5,6.460000038
Puerto Rico,PRI,..,..,1.474010583,36273.87183,..,78139350742,14.62930584,..,19.69708953,360.0556933,..,8.300000191
Qatar,QAT,..,..,-1.018205209,93844.06063,..,2.59E+11,8.636489868,-0.666641125,1.523163117,246.4813751,..,0.100000001
Romania,ROU,9560.215763,18.37228966,4.73858787,31867.26319,34.8,6.09E+11,..,3.827854326,18.79006579,84.19527121,2.5,3.910000086
Russian Federation,RUS,7631.936035,..,2.243979517,30067.74023,37.7,4.27E+12,..,4.470366608,15.09412523,8.817695994,2.5,4.5
Rwanda,RWA,709.6347055,..,6.643501213,2321.526953,..,28328696534,10.99814606,3.34787655,3.028253062,511.8337252,35.2,12.43000031
Samoa,WSM,..,..,3.868762579,6907.563708,..,1304199369,15.59646988,0.98232657,4.933104005,70.89676259,4.4,..
San Marino,SMR,..,..,1.824571786,63192.05517,..,..,15.05992031,..,..,564.4,..,5.800000191
Sao Tome and Principe,STP,..,..,0.302078271,4174.385425,..,894542883.6,17.59244919,..,2.960159214,224.0083333,13,..
Saudi Arabia,SAU,17431.51723,..,-1.322725826,48983.55126,..,1.70E+12,19.07130623,-2.093333333,3.4128866,15.94114919,3.9,5.639999866
Senegal,SEN,1209.160336,..,1.775988694,3510.418402,..,55714768018,18.31226921,1.758565176,3.098476445,84.64323482,7.4,2.859999895
Serbia,SRB,5308.852069,23.25346947,4.893094256,18822.36077,34.5,1.24E+11,8.604599953,1.849229845,18.74050342,79.41041619,3.7,10.39000034
Seychelles,SYC,..,..,2.176192931,30605.37964,..,2843092062,11.13055992,2.074764365,7.805481947,212.2282609,..,2.970000029
Sierra Leone,SLE,610.3044154,..,3.057634091,1777.158358,..,13710231815,35.00582886,14.80305857,2.947736623,108.2461485,27.9,..
Singapore,SGP,..,57.24990082,-0.054554857,102431.3157,..,5.11E+11,19.47426033,0.565260569,12.39312948,7965.878492,..,3.099999905
Sint Maarten (Dutch part),SXM,..,..,..,..,..,..,..,..,..,1223.764706,..,..
Slovak Republic,SVK,14458.36835,25.23786926,2.466609371,31966.55484,23.2,1.71E+11,..,2.664561334,16.17236389,113.4389975,3.7,5.75
Slovenia,SVN,19292.28461,..,2.534090905,40670.87787,24.4,83650603107,..,1.630522608,20.18628401,103.7119346,2.5,4.449999809
Solomon Islands,SLB,2075.934398,..,-1.358803484,2772.800833,..,1837655332,30.06265259,1.63485544,3.63080993,23.93072526,17.8,..
Somalia,SOM,..,..,5.039205068,1236.524544,..,18990301263,4.262450218,..,2.889203812,24.61648548,54.8,18.82999992
South Africa,ZAF,5110.601947,44.85264969,-1.196091441,14288.58989,..,8.16E+11,19.59622955,4.12024587,5.415255608,48.27198889,6.3,25.54000092
South Sudan,SSD,..,..,..,..,..,..,..,87.24136415,3.376805137,17.50528381,..,..
Spain,ESP,23851.6309,..,1.355133045,41695.14695,34.3,1.97E+12,..,0.699518994,19.64782295,94.3508089,2.5,14.10000038
Sri Lanka,LKA,3817.306948,..,1.704605991,13631.5552,..,2.88E+11,9.899999619,3.528393582,10.83880576,352.4316946,3.7,4.670000076
St. Kitts and Nevis,KNA,..,..,4.018460899,29799.65241,..,1509704687,12.27999973,-0.329562064,..,203.2076923,..,..
St. Lucia,LCA,..,15.26706028,-0.558717237,15842.41865,..,2712497240,14.08432007,0.539087559,10.03501286,299.6639344,..,15.31999969
St. Martin (French part),MAF,..,..,..,..,..,..,..,..,..,760.04,..,..
St. Vincent and the Grenadines,VCT,..,..,0.056298357,14030.76555,..,1539050856,..,0.913069725,9.740570943,283.5717949,6.6,..
Sudan,SDN,1341.209961,..,-4.489841901,4349.709961,..,1.75E+11,..,50.9940515,3.627317326,22.91929176,11.7,..
Suriname,SUR,..,..,0.163586538,19840.18306,..,10341507020,15.27698994,..,7.015129728,3.726685897,8,..
Sweden,SWE,45565.16801,40.00310135,0.957561656,54598.78035,29.3,5.78E+11,..,1.784150974,20.19856962,25.23766548,2.5,6.829999924
Switzerland,CHE,64138.96532,..,0.491609145,72033.92944,..,5.96E+11,..,0.36288618,18.83799606,217.0076296,2.5,4.389999866
Syrian Arab Republic,SYR,..,..,..,..,..,..,..,..,4.691855102,92.95938572,..,..
Tajikistan,TJK,..,..,4.863694198,3732.561094,..,40367715127,18.65759087,..,3.085961212,67.15918294,..,..
Tanzania,TZA,917.0905762,..,2.719329493,2772.928467,..,1.58E+11,..,3.46428058,2.620541103,65.48369948,23.4,..
Thailand,THA,..,..,1.862439871,19216.84294,34.9,1.29E+12,13.65980244,0.706728601,12.40625033,136.28292,8,0.720000029
Timor-Leste,TLS,1365.64156,..,17.21141038,3779.735417,..,6517803458,..,0.95881274,4.286535114,86.96166779,25,..
Togo,TGO,600.4686614,..,2.938181662,2211.453835,..,17928527580,..,0.685897591,2.887347591,148.6000919,20.1,..
Tonga,TON,..,..,-0.517228593,6646.509196,..,750546618.7,11.92780018,1.179543348,5.94196796,145.1347222,..,..
Trinidad and Tobago,TTO,..,..,-0.538413534,27959.52908,..,38011534642,10.62077999,1.00054293,11.11820802,271.9237817,7.3,..
Tunisia,TUN,3943.546052,..,0.200226886,11902.86201,..,1.35E+11,..,6.720075329,8.593468556,75.27498069,2.6,15.13000011
Turkiye,TUR,..,..,-0.427943737,26867.47031,41.9,2.20E+12,..,15.17682157,8.726283826,108.4022283,2.5,13.67000008
Turkmenistan,TKM,..,..,4.668637453,16194.21262,..,92705238127,23.01025009,..,4.592425324,12.64463644,3.5,..
Turks and Caicos Islands,TCA,..,..,3.871285561,30485.60747,..,1126443661,9.615440369,..,..,40.20421053,..,..
Tuvalu,TUV,..,..,12.32858474,4718.773043,..,73310060.97,..,..,..,388.5,..,..
Uganda,UGA,773.9090529,..,2.734740728,2275.02815,42.7,98104959292,11.47000027,2.86909425,1.962550187,220.7739228,..,..
Ukraine,UKR,2280.072021,..,3.793723912,13345.38281,26.6,5.68E+11,13.15972996,7.886717456,16.70499039,76.60718502,2.6,8.18999958
United Arab Emirates,ARE,36460.72754,54.09270859,1.934431483,71144.71598,..,6.99E+11,12.67881966,-1.931081148,1.156549456,137.5742889,6,2.329999924
United Kingdom,GBR,..,..,1.099995912,49041.46355,..,3.26E+12,..,1.738104601,18.50869564,276.2630802,2.5,3.74000001
United States,USA,51954.79529,..,1.824124482,65094.79943,41.5,2.17E+13,..,1.812210075,16.20960614,35.89317567,2.5,3.670000076
Uruguay,URY,13404.04017,..,-0.010198984,24004.82114,39.7,79082601189,15.14500999,7.881988709,14.94124043,19.77905954,2.5,8.729999542
Uzbekistan,UZB,..,69.17845154,3.744517567,7658.27241,..,2.60E+11,25.59158516,..,4.595215725,76.22283256,2.5,8.979999542
Vanuatu,VUT,3347.021048,..,0.760014262,3248.129217,32.3,1051246550,5.588349819,2.762520194,3.616088995,24.60065628,12.4,5.440000057
"Venezuela, RB",VEN,..,..,..,..,..,..,..,..,7.610990373,32.32903917,24.9,..
Vietnam,VNM,..,13.5181303,6.132342731,10561.97128,..,9.67E+11,14.02956963,2.795823675,7.553672942,307.7638253,6.2,1.679999948
Virgin Islands (U.S.),VIR,..,..,3.097666614,..,..,..,..,..,19.87511714,304.7685714,..,..
West Bank and Gaza,PSE,..,..,-1.151613665,6509.035299,..,35892215219,17.71245003,1.580183336,3.1734124,778.2900332,..,25.34000015
"Yemen, Rep.",YEM,..,..,-0.906172894,..,..,..,..,..,2.902140675,55.23405118,42.8,..
Zambia,ZMB,..,..,-1.451364465,3616.903819,..,63480300317,15.29187012,9.150316443,2.115314738,24.02646525,..,5.539999962
Zimbabwe,ZWE,..,..,-7.46862686,2408.154197,50.3,34559560034,..,255.3049908,2.980608063,37.85827323,..,7.369999886
Africa Eastern and Southern,AFE,1328.238081,..,-0.59503653,3814.846625,..,2.45E+12,15.35271645,4.12024587,3.152509118,44.46204454,25.02709076,..
Africa Western and Central,AFW,1454.811335,..,0.504841729,4335.409188,..,1.87E+12,14.15939045,1.758565176,2.784950465,49.40553474,12.44951253,..
Arab World,ARB,5489.179746,..,-0.317407141,15054.80357,..,6.39E+12,12.03050995,1.091848027,4.657837502,32.66048914,11.64911565,..
Caribbean small states,CSS,..,..,0.522416093,16854.74292,..,1.20E+11,13.96738482,1.431355982,9.000634833,18.28180561,6.970011605,..
Central Europe and the Baltics,CEB,12213.53522,..,4.214346745,33774.73529,..,3.35E+12,..,2.664561334,18.95293535,92.66891579,2.597978559,3.782108283
Early-demographic dividend,EAR,3027.196556,..,1.072182439,9782.709966,..,3.18E+13,15.55635834,2.759808735,5.969410767,98.77611735,11.67246844,5.769200368
East Asia & Pacific,EAS,8535.467981,..,3.421764234,18376.44353,..,4.31E+13,16.53417969,1.627243671,11.1830651,95.94212843,3.985913256,4.231491379
East Asia & Pacific (excluding high income),EAP,6042.717188,..,5.175263936,15034.14597,..,3.14E+13,14.02956963,1.857838416,9.938567342,131.2938843,4.119682581,4.360950009
East Asia & Pacific (IDA & IBRD countries),TEA,6109.774332,..,5.173916244,15200.89164,..,3.14E+13,14.02956963,1.857838416,9.946972538,130.6727224,3.639386656,4.360950009
Euro area,EMU,30493.30063,..,1.487465371,48853.59872,..,1.68E+13,..,1.445667015,20.852291,127.7187419,2.519121515,7.535048531
Europe & Central Asia,ECS,19860.53367,..,1.514579269,36744.02403,..,3.36E+13,..,1.763735865,16.61834586,33.55165268,2.581697504,6.747412608
Europe & Central Asia (excluding high income),ECA,..,..,1.758655618,22757.90674,..,8.83E+12,13.76976538,2.675992026,12.01038542,17.83257875,2.675071841,7.466617851
Europe & Central Asia (IDA & IBRD countries),TEC,7121.409214,..,2.309848435,24119.15816,..,1.08E+13,13.43000031,2.643281927,12.87998678,20.04423056,2.651023743,6.939566187
European Union,EUU,27359.89411,..,1.763444784,46074.83544,..,2.06E+13,..,1.630522608,20.46010496,111.8990265,2.522434942,6.692084809
Fragile and conflict affected situations,FCS,1570.75246,..,0.074071542,4912.554067,..,4.54E+12,..,2.452802141,4.045408012,45.96119943,19.7667976,..
Heavily indebted poor countries (HIPC),HPC,882.9638541,..,1.350890074,2714.544572,..,2.12E+12,14.59023952,2.685373553,3.048539172,41.336209,23.33309435,..
High income,HIC,35186.55384,..,1.368345087,51771.86332,..,6.44E+13,..,1.570831757,18.27172981,35.0338344,2.653615826,4.797537354
IBRD only,IBD,5044.589235,..,3.158646951,14018.36683,..,6.66E+13,14.06955004,2.598016203,8.796989366,67.91092476,7.292011049,5.741014793
IDA & IBRD total,IBT,4054.287058,..,2.783904746,11439.80137,..,7.32E+13,14.13446045,2.610571828,7.453002536,67.61012518,9.770060432,5.804652524
IDA blend,IDB,1546.311631,..,0.464640683,5348.039853,..,2.94E+12,14.09466934,1.989587441,3.46532891,128.0804486,13.66054069,7.334561784
IDA only,IDX,1016.173758,..,2.909479777,3331.420313,..,3.67E+12,14.59023952,2.744170618,3.617195922,53.73036714,20.06699914,..
IDA total,IDA,1190.517038,..,1.740590094,3999.338097,..,6.59E+12,14.40201473,2.68068279,3.56609614,66.75596023,17.73066091,..
Late-demographic dividend,LTE,7376.625427,..,4.221012672,18276.29653,..,4.14E+13,13.65980244,2.161762581,11.18553479,51.80559731,3.523757638,5.552467749
Latin America & Caribbean,LCN,7171.21573,..,-0.201499997,16600.60912,..,1.03E+13,14.62930584,2.371678594,8.701930011,32.25871082,7.133410958,8.118735943
Latin America & Caribbean (excluding high income),LAC,6836.497438,..,-0.351334451,15915.29055,..,9.02E+12,17.31398964,2.174084133,8.54402694,32.26929887,6.455490363,8.155727495
Latin America & the Caribbean (IDA & IBRD countries),TLA,7086.278892,..,-0.22589469,16516.14332,..,1.01E+13,14.43205976,2.091638622,8.515293834,31.6692524,7.218301703,8.117881844
Least developed countries: UN classification,LDC,991.3335766,..,2.464103993,3263.89536,..,3.34E+12,13.01280975,3.094173989,3.563082544,50.64607976,21.15040438,..
Low & middle income,LMY,3917.844173,..,2.774204287,11079.9609,..,7.01E+13,14.21378994,2.705597298,7.346422206,68.41081109,9.925440418,5.832926212
Low income,LIC,756.62377,..,1.136052394,2103.576475,..,1.36E+12,14.21378994,2.86909425,3.218121574,42.31045874,29.12683087,..
Lower middle income,LMC,2027.120032,..,2.362587329,7650.778276,..,2.48E+13,14.96552038,3.017988072,5.699559808,131.8004828,11.56867593,5.242941183
Middle East & North Africa,MEA,6378.294356,..,-0.206680706,17255.49329,..,7.84E+12,12.67881966,1.048834037,5.308388823,40.715448,8.570280373,..
Middle East & North Africa (excluding high income),MNA,..,..,-0.303910144,11353.77737,..,4.36E+12,14.46348,2.478578852,5.50214556,45.10297118,9.311632827,..
Middle East & North Africa (IDA & IBRD countries),TMN,..,..,-0.293641479,11413.9159,..,4.32E+12,13.05174017,3.005389494,5.530502182,44.59145459,9.311632827,..
Middle income,MIC,4288.074307,..,2.945444341,12125.04559,..,6.88E+13,14.31143522,2.610571828,7.824168247,73.66797937,8.168814194,5.801789706
North America,NAC,50430.2375,..,1.689438693,63475.50692,..,2.35E+13,..,1.88073955,16.3573976,20.20613928,2.5,3.891093624
Not classified,INX,..,..,..,..,..,..,..,..,..,..,..,..
OECD members,OED,31278.42034,..,1.226084114,45977.13997,..,6.31E+13,..,1.740712679,17.07904588,38.4482632,3.037681257,5.389713479
Other small states,OSS,..,..,0.224727063,23666.31938,..,7.18E+11,14.75605345,1.642060018,5.57440734,15.43698156,15.6056925,..
Pacific island small states,PSS,..,..,-0.687483334,7635.37064,..,18533307900,..,1.359307405,4.62755305,38.84455183,9.814281496,..
Post-demographic dividend,PST,36074.122,..,1.420351076,50840.01474,..,5.72E+13,..,1.619631902,19.29273027,35.51139362,2.542991012,4.979316646
Pre-demographic dividend,PRE,1255.324122,..,0.412166518,3702.335622,..,3.39E+12,14.21378994,2.377587328,2.768233782,46.52694848,20.91337722,..
Small states,SST,..,..,0.306138667,21475.95632,..,8.56E+11,14.75605345,1.46798976,6.127287136,16.49807124,13.30139359,..
South Asia,SAS,1637.826603,..,2.70693016,6638.476503,..,1.21E+13,11.4677248,3.628949659,5.99390487,384.848819,14.19369834,5.204660004
South Asia (IDA & IBRD),TSA,1637.826603,..,2.70693016,6638.476503,..,1.21E+13,11.4677248,3.628949659,5.99390487,384.848819,14.19369834,5.204660004
Sub-Saharan Africa,SSF,1376.565682,..,-0.101357905,4024.566997,..,4.31E+12,14.61312723,2.77698537,3.00411483,46.3337884,19.70844751,..
Sub-Saharan Africa (excluding high income),SSA,1375.566148,..,-0.101980038,4022.222217,..,4.31E+12,14.61312723,2.781106312,3.00369135,46.33059418,19.70844751,..
Sub-Saharan Africa (IDA & IBRD countries),TSS,1376.565682,..,-0.101357905,4024.566997,..,4.31E+12,14.61312723,2.77698537,3.00411483,46.3337884,19.70844751,..
Upper middle income,UMC,7271.836176,..,3.490765795,18017.14379,..,4.40E+13,14.13446045,2.087230892,10.63047979,46.56300709,3.698718395,6.262960603
World,WLD,8957.190313,..,1.531947169,17627.65986,..,1.35E+14,14.13446045,2.186901545,9.102654331,59.11512333,8,5.616800648