Entity,Code,Year,happiness
,,,Life satisfaction in Cantril Ladder (World Happiness Report 2022)
Afghanistan,AFG,2006,3.723589897
Afghanistan,AFG,2007,4.401778221
Afghanistan,AFG,2008,4.75838089
Afghanistan,AFG,2009,3.83171916
Afghanistan,AFG,2010,3.782937527
Afghanistan,AFG,2011,3.572100401
Afghanistan,AFG,2012,3.130895615
Afghanistan,AFG,2013,3.982854605
Afghanistan,AFG,2014,4.220168591
Afghanistan,AFG,2015,2.66171813
Afghanistan,AFG,2016,2.694303274
Afghanistan,AFG,2017,2.375091791
Afghanistan,AFG,2019,2.522900105
Afghanistan,AFG,2020,2.403800011
Albania,ALB,2005,4.634251595
Albania,ALB,2007,5.485469818
Albania,ALB,2008,5.268936634
Albania,ALB,2009,5.867421627
Albania,ALB,2010,5.510124207
Albania,ALB,2011,4.550647736
Albania,ALB,2012,4.813763142
Albania,ALB,2013,4.606650829
Albania,ALB,2014,4.511100769
Albania,ALB,2015,4.639548302
Albania,ALB,2016,5.004402637
Albania,ALB,2017,4.995317936
Albania,ALB,2018,5.364909649
Albania,ALB,2019,5.117400169
Albania,ALB,2020,5.198800087
Algeria,DZA,2008,5.46356678
Algeria,DZA,2009,5.317194462
Algeria,DZA,2010,5.604595661
Algeria,DZA,2012,6.354898453
Algeria,DZA,2014,5.340853691
Algeria,DZA,2015,5.248912334
Algeria,DZA,2016,5.043086052
Algeria,DZA,2017,4.744627476
Algeria,DZA,2019,4.88710022
Algeria,DZA,2020,5.122300148
Angola,AGO,2009,5.589000702
Angola,AGO,2010,4.360249996
Angola,AGO,2011,3.937106848
Angola,AGO,2012,3.794837952
Argentina,ARG,2004,6.312925339
Argentina,ARG,2005,6.073158264
Argentina,ARG,2006,5.961034298
Argentina,ARG,2007,6.424133301
Argentina,ARG,2008,6.441067219
Argentina,ARG,2009,6.775805473
Argentina,ARG,2010,6.468387127
Argentina,ARG,2011,6.582260132
Argentina,ARG,2012,6.671114445
Argentina,ARG,2013,6.69713068
Argentina,ARG,2014,6.427221298
Argentina,ARG,2015,6.039330006
Argentina,ARG,2016,5.792796612
Argentina,ARG,2017,6.085560799
Argentina,ARG,2018,5.900567055
Argentina,ARG,2019,5.929299831
Argentina,ARG,2020,5.967000008
Armenia,ARM,2004,4.289310932
Armenia,ARM,2005,4.881515503
Armenia,ARM,2006,4.651972294
Armenia,ARM,2007,4.177581787
Armenia,ARM,2008,4.367811203
Armenia,ARM,2009,4.260491371
Armenia,ARM,2010,4.319711685
Armenia,ARM,2011,4.277191162
Armenia,ARM,2012,4.453083038
Armenia,ARM,2013,4.34831953
Armenia,ARM,2014,4.325471878
Armenia,ARM,2015,4.287736416
Armenia,ARM,2016,5.062448502
Armenia,ARM,2017,5.4880867
Armenia,ARM,2019,5.282599926
Armenia,ARM,2020,5.398600101
Australia,AUS,2003,7.340688229
Australia,AUS,2005,7.285390854
Australia,AUS,2006,7.253757477
Australia,AUS,2008,7.450047016
Australia,AUS,2009,7.405616283
Australia,AUS,2010,7.195585728
Australia,AUS,2011,7.364169121
Australia,AUS,2012,7.288550377
Australia,AUS,2013,7.309060574
Australia,AUS,2014,7.250080109
Australia,AUS,2015,7.25703764
Australia,AUS,2016,7.17699337
Australia,AUS,2017,7.233994961
Australia,AUS,2018,7.137367725
Australia,AUS,2019,7.183499813
Australia,AUS,2020,7.162099838
Austria,AUT,2004,7.122211456
Austria,AUT,2006,7.180953979
Austria,AUT,2008,7.302678585
Austria,AUT,2009,7.470512867
Austria,AUT,2010,7.400688648
Austria,AUT,2011,7.498802662
Austria,AUT,2012,6.949999809
Austria,AUT,2013,7.07644701
Austria,AUT,2014,7.048071861
Austria,AUT,2015,7.293727875
Austria,AUT,2016,7.396001816
Austria,AUT,2017,7.195361137
Austria,AUT,2018,7.213489056
Austria,AUT,2019,7.267799854
Austria,AUT,2020,7.163000107
Azerbaijan,AZE,2004,4.727870941
Azerbaijan,AZE,2005,4.56815958
Azerbaijan,AZE,2006,4.817189217
Azerbaijan,AZE,2007,4.573725224
Azerbaijan,AZE,2008,4.218610764
Azerbaijan,AZE,2009,4.680469513
Azerbaijan,AZE,2010,4.910771847
Azerbaijan,AZE,2011,5.481178284
Azerbaijan,AZE,2012,5.25153017
Azerbaijan,AZE,2013,5.146774769
Azerbaijan,AZE,2014,5.303894997
Azerbaijan,AZE,2015,5.152279377
Azerbaijan,AZE,2016,5.167995453
Azerbaijan,AZE,2017,5.173389435
Azerbaijan,AZE,2019,5.170800209
Azerbaijan,AZE,2020,5.173399925
Bahrain,BHR,2007,5.700523376
Bahrain,BHR,2008,5.936869144
Bahrain,BHR,2009,4.82397604
Bahrain,BHR,2010,5.027186871
Bahrain,BHR,2011,6.689711094
Bahrain,BHR,2012,6.165133953
Bahrain,BHR,2013,6.00737524
Bahrain,BHR,2014,6.169673443
Bahrain,BHR,2015,6.227320671
Bahrain,BHR,2017,7.098012447
Bahrain,BHR,2018,6.173175812
Bahrain,BHR,2019,6.646900177
Bahrain,BHR,2020,6.646900177
Bangladesh,BGD,2004,4.318909168
Bangladesh,BGD,2005,4.607322216
Bangladesh,BGD,2006,5.052278519
Bangladesh,BGD,2007,5.08285141
Bangladesh,BGD,2008,4.858481407
Bangladesh,BGD,2009,4.985649109
Bangladesh,BGD,2010,4.724443913
Bangladesh,BGD,2011,4.660161018
Bangladesh,BGD,2012,4.635564804
Bangladesh,BGD,2013,4.633473873
Bangladesh,BGD,2014,4.5561409
Bangladesh,BGD,2015,4.309771061
Bangladesh,BGD,2016,4.499217033
Bangladesh,BGD,2017,5.114216805
Bangladesh,BGD,2018,5.279986858
Bangladesh,BGD,2019,5.024600029
Bangladesh,BGD,2020,5.155499935
Belarus,BLR,2004,5.657649994
Belarus,BLR,2005,5.616976261
Belarus,BLR,2006,5.463332176
Belarus,BLR,2007,5.56413126
Belarus,BLR,2008,5.525923252
Belarus,BLR,2009,5.225307941
Belarus,BLR,2010,5.749043465
Belarus,BLR,2011,5.876466274
Belarus,BLR,2012,5.812400818
Belarus,BLR,2013,5.718907833
Belarus,BLR,2014,5.177899361
Belarus,BLR,2015,5.552915096
Belarus,BLR,2016,5.233769894
Belarus,BLR,2017,5.821453094
Belarus,BLR,2019,5.533500195
Belarus,BLR,2020,5.821499825
Belgium,BEL,2003,7.262290478
Belgium,BEL,2005,7.218839645
Belgium,BEL,2006,7.116590977
Belgium,BEL,2008,6.853514194
Belgium,BEL,2009,7.111363888
Belgium,BEL,2010,6.935122013
Belgium,BEL,2011,7.10366106
Belgium,BEL,2012,6.855329037
Belgium,BEL,2013,6.904219151
Belgium,BEL,2014,6.948936462
Belgium,BEL,2015,6.928347588
Belgium,BEL,2016,6.89217186
Belgium,BEL,2017,6.772138119
Belgium,BEL,2018,6.838760853
Belgium,BEL,2019,6.834000111
Belgium,BEL,2020,6.804999828
Belize,BLZ,2005,6.450644493
Belize,BLZ,2012,5.955646515
Benin,BEN,2004,3.329801559
Benin,BEN,2006,3.66713953
Benin,BEN,2009,3.870279551
Benin,BEN,2010,3.193468809
Benin,BEN,2011,3.479412794
Benin,BEN,2012,3.347419262
Benin,BEN,2013,3.624664307
Benin,BEN,2014,4.007357597
Benin,BEN,2015,4.853180885
Benin,BEN,2016,5.81982708
Benin,BEN,2017,4.976360798
Benin,BEN,2018,4.407745838
Benin,BEN,2019,5.045199871
Benin,BEN,2020,4.62319994
Bhutan,BTN,2011,5.569091797
Bhutan,BTN,2012,4.938578129
Bhutan,BTN,2013,5.082128525
Bolivia,BOL,2004,5.373986244
Bolivia,BOL,2005,5.628419399
Bolivia,BOL,2006,5.297872543
Bolivia,BOL,2007,6.085579395
Bolivia,BOL,2008,5.780620098
Bolivia,BOL,2009,5.778874397
Bolivia,BOL,2010,6.018894672
Bolivia,BOL,2011,5.767428875
Bolivia,BOL,2012,5.864798546
Bolivia,BOL,2013,5.834329128
Bolivia,BOL,2014,5.769723415
Bolivia,BOL,2015,5.65055275
Bolivia,BOL,2016,5.915734291
Bolivia,BOL,2017,5.67427063
Bolivia,BOL,2018,5.559258938
Bolivia,BOL,2019,5.715899944
Bolivia,BOL,2020,5.600299835
Bosnia and Herzegovina,BIH,2005,4.899806976
Bosnia and Herzegovina,BIH,2007,4.963477135
Bosnia and Herzegovina,BIH,2008,4.66851759
Bosnia and Herzegovina,BIH,2009,4.994670868
Bosnia and Herzegovina,BIH,2010,4.773144722
Bosnia and Herzegovina,BIH,2011,5.123664379
Bosnia and Herzegovina,BIH,2012,5.248954296
Bosnia and Herzegovina,BIH,2013,5.117177963
Bosnia and Herzegovina,BIH,2014,5.180865288
Bosnia and Herzegovina,BIH,2015,5.089902401
Bosnia and Herzegovina,BIH,2016,5.887401104
Bosnia and Herzegovina,BIH,2017,6.01552248
Bosnia and Herzegovina,BIH,2018,5.515816212
Bosnia and Herzegovina,BIH,2019,5.813099861
Bosnia and Herzegovina,BIH,2020,5.768000126
Botswana,BWA,2004,4.739367008
Botswana,BWA,2006,5.451147079
Botswana,BWA,2008,3.553020239
Botswana,BWA,2009,3.519921064
Botswana,BWA,2010,4.835938931
Botswana,BWA,2011,4.128298759
Botswana,BWA,2012,4.031197071
Botswana,BWA,2013,3.761964798
Botswana,BWA,2014,3.498936653
Botswana,BWA,2015,3.504881144
Botswana,BWA,2016,3.4613657
Botswana,BWA,2017,3.471084833
Botswana,BWA,2019,3.466500044
Botswana,BWA,2020,3.471100092
Brazil,BRA,2003,6.636771202
Brazil,BRA,2005,6.320672989
Brazil,BRA,2006,6.691424847
Brazil,BRA,2007,7.000831604
Brazil,BRA,2008,6.837331295
Brazil,BRA,2009,7.037816525
Brazil,BRA,2010,6.660003662
Brazil,BRA,2011,7.140282631
Brazil,BRA,2012,6.980998993
Brazil,BRA,2013,6.546896935
Brazil,BRA,2014,6.374817371
Brazil,BRA,2015,6.332929134
Brazil,BRA,2016,6.190921783
Brazil,BRA,2017,6.451148987
Brazil,BRA,2018,6.109717846
Brazil,BRA,2019,6.33010006
Brazil,BRA,2020,6.29279995
Bulgaria,BGR,2005,3.843797922
Bulgaria,BGR,2008,3.912276268
Bulgaria,BGR,2009,3.875382423
Bulgaria,BGR,2010,4.222297192
Bulgaria,BGR,2011,3.993020535
Bulgaria,BGR,2012,4.438439846
Bulgaria,BGR,2013,4.865401268
Bulgaria,BGR,2014,4.837560654
Bulgaria,BGR,2015,5.096901894
Bulgaria,BGR,2016,5.098813534
Bulgaria,BGR,2017,5.108438015
Bulgaria,BGR,2018,5.597723007
Bulgaria,BGR,2019,5.265500069
Bulgaria,BGR,2020,5.370900154
Burkina Faso,BFA,2004,3.801490784
Burkina Faso,BFA,2005,4.017130375
Burkina Faso,BFA,2006,3.846438885
Burkina Faso,BFA,2008,4.035560608
Burkina Faso,BFA,2009,4.785367489
Burkina Faso,BFA,2010,3.95500803
Burkina Faso,BFA,2011,3.325949669
Burkina Faso,BFA,2012,3.481347799
Burkina Faso,BFA,2013,4.418930054
Burkina Faso,BFA,2014,4.205634594
Burkina Faso,BFA,2015,4.646891117
Burkina Faso,BFA,2016,4.92723608
Burkina Faso,BFA,2017,4.740892887
Burkina Faso,BFA,2019,4.833799839
Burkina Faso,BFA,2020,4.670499802
Burundi,BDI,2006,3.563227654
Burundi,BDI,2007,3.791680813
Burundi,BDI,2009,3.705894232
Burundi,BDI,2012,2.904535055
Burundi,BDI,2016,3.775283098
Burundi,BDI,2019,3.775300026
Cambodia,KHM,2004,3.568744659
Cambodia,KHM,2005,4.15597105
Cambodia,KHM,2006,4.462163925
Cambodia,KHM,2007,4.110625744
Cambodia,KHM,2008,4.141072273
Cambodia,KHM,2009,4.161225319
Cambodia,KHM,2010,3.898706913
Cambodia,KHM,2011,3.674466848
Cambodia,KHM,2012,3.88330555
Cambodia,KHM,2013,4.162164688
Cambodia,KHM,2014,4.461259365
Cambodia,KHM,2015,4.585842133
Cambodia,KHM,2016,5.121837616
Cambodia,KHM,2017,4.998284817
Cambodia,KHM,2018,4.376985073
Cambodia,KHM,2019,4.83039999
Cambodia,KHM,2020,4.640299797
Cameroon,CMR,2004,3.851072073
Cameroon,CMR,2005,4.349939346
Cameroon,CMR,2006,4.291800499
Cameroon,CMR,2007,4.741408348
Cameroon,CMR,2008,4.554256916
Cameroon,CMR,2009,4.433885098
Cameroon,CMR,2010,4.244634151
Cameroon,CMR,2011,4.271038055
Cameroon,CMR,2012,4.240441322
Cameroon,CMR,2013,5.037964821
Cameroon,CMR,2014,4.816232204
Cameroon,CMR,2015,5.07405138
Cameroon,CMR,2016,5.250737667
Cameroon,CMR,2017,4.936737537
Cameroon,CMR,2018,5.2410779
Cameroon,CMR,2019,5.141799927
Cameroon,CMR,2020,5.047599792
Canada,CAN,2003,7.418048382
Canada,CAN,2005,7.481752872
Canada,CAN,2006,7.485603809
Canada,CAN,2007,7.48782444
Canada,CAN,2008,7.650346279
Canada,CAN,2009,7.426053524
Canada,CAN,2010,7.415144444
Canada,CAN,2011,7.593793869
Canada,CAN,2012,7.30425787
Canada,CAN,2013,7.412772655
Canada,CAN,2014,7.244845867
Canada,CAN,2015,7.414868355
Canada,CAN,2016,7.175496578
Canada,CAN,2017,7.1090765
Canada,CAN,2018,7.024904728
Canada,CAN,2019,7.103300095
Canada,CAN,2020,7.025100231
Central African Republic,CAF,2005,4.160129547
Central African Republic,CAF,2008,3.567892551
Central African Republic,CAF,2009,3.677826405
Central African Republic,CAF,2014,2.693061113
Central African Republic,CAF,2015,3.475862026
Chad,TCD,2004,3.434800625
Chad,TCD,2005,4.141326904
Chad,TCD,2006,4.632468224
Chad,TCD,2007,3.639445066
Chad,TCD,2008,3.742871046
Chad,TCD,2009,4.393482208
Chad,TCD,2010,4.03297472
Chad,TCD,2011,3.507663012
Chad,TCD,2012,3.460182905
Chad,TCD,2013,4.322675228
Chad,TCD,2014,4.029350281
Chad,TCD,2015,4.558937073
Chad,TCD,2016,4.486325264
Chad,TCD,2017,4.250799179
Chad,TCD,2019,4.355400085
Chad,TCD,2020,4.250800133
Chile,CHL,2004,6.062851906
Chile,CHL,2005,5.697929859
Chile,CHL,2006,5.789438725
Chile,CHL,2007,6.493686199
Chile,CHL,2008,6.63565588
Chile,CHL,2009,6.526334763
Chile,CHL,2010,6.599128723
Chile,CHL,2011,6.74015379
Chile,CHL,2012,6.844238281
Chile,CHL,2013,6.532749653
Chile,CHL,2014,6.579056263
Chile,CHL,2015,6.320119381
Chile,CHL,2016,6.436220646
Chile,CHL,2017,5.942250252
Chile,CHL,2018,6.150642872
Chile,CHL,2019,6.171899796
Chile,CHL,2020,6.171800137
China,CHN,2004,4.560495377
China,CHN,2005,4.86286211
China,CHN,2006,4.84629488
China,CHN,2007,4.454360962
China,CHN,2008,4.652736664
China,CHN,2009,5.037207603
China,CHN,2010,5.094917297
China,CHN,2011,5.241090298
China,CHN,2012,5.195619106
China,CHN,2013,5.303877831
China,CHN,2014,5.32495594
China,CHN,2015,5.099061489
China,CHN,2016,5.131433964
China,CHN,2017,5.144120216
China,CHN,2018,5.771064758
China,CHN,2019,5.339099884
China,CHN,2020,5.585299969
Colombia,COL,2004,6.024942875
Colombia,COL,2005,6.138411522
Colombia,COL,2006,6.168395042
Colombia,COL,2007,6.271604538
Colombia,COL,2008,6.40811348
Colombia,COL,2009,6.463952541
Colombia,COL,2010,6.374879837
Colombia,COL,2011,6.606550694
Colombia,COL,2012,6.44878912
Colombia,COL,2013,6.387571812
Colombia,COL,2014,6.233715057
Colombia,COL,2015,6.157341957
Colombia,COL,2016,5.983512402
Colombia,COL,2017,6.350297928
Colombia,COL,2018,5.70917511
Colombia,COL,2019,6.01240015
Colombia,COL,2020,5.780600071
Comoros,COM,2007,3.47602725
Comoros,COM,2008,3.81219101
Comoros,COM,2009,3.838485956
Comoros,COM,2010,3.955640316
Comoros,COM,2016,3.972819567
Comoros,COM,2017,4.608616352
Comoros,COM,2019,4.288599968
Comoros,COM,2020,4.60860014
Congo,COG,2006,3.819792271
Congo,COG,2009,4.509824276
Congo,COG,2010,3.919341803
Congo,COG,2011,3.954950571
Congo,COG,2012,4.05601263
Congo,COG,2013,4.690830231
Congo,COG,2014,4.119493484
Congo,COG,2015,4.883991241
Congo,COG,2016,5.490214348
Congo,COG,2017,5.212622643
Congo,COG,2019,5.341700077
Congo,COG,2020,5.075200081
Costa Rica,CRI,2004,7.082465172
Costa Rica,CRI,2005,7.432132244
Costa Rica,CRI,2006,6.850679874
Costa Rica,CRI,2007,7.614928722
Costa Rica,CRI,2008,7.271053791
Costa Rica,CRI,2009,7.228888512
Costa Rica,CRI,2010,7.272250175
Costa Rica,CRI,2011,7.158000469
Costa Rica,CRI,2012,7.247086048
Costa Rica,CRI,2013,6.854004383
Costa Rica,CRI,2014,7.135617733
Costa Rica,CRI,2015,7.22518158
Costa Rica,CRI,2016,7.141074657
Costa Rica,CRI,2017,6.997618675
Costa Rica,CRI,2019,7.069399834
Costa Rica,CRI,2020,6.581999779
Cote d'Ivoire,CIV,2007,4.197181702
Cote d'Ivoire,CIV,2011,3.739365578
Cote d'Ivoire,CIV,2012,3.570368528
Cote d'Ivoire,CIV,2013,4.445038795
Cote d'Ivoire,CIV,2014,4.542545795
Cote d'Ivoire,CIV,2015,5.037734985
Cote d'Ivoire,CIV,2016,5.26837492
Cote d'Ivoire,CIV,2017,5.392012119
Cote d'Ivoire,CIV,2018,5.256503582
Cote d'Ivoire,CIV,2019,5.306000233
Cote d'Ivoire,CIV,2020,5.234600067
Croatia,HRV,2005,5.820907593
Croatia,HRV,2007,5.433319569
Croatia,HRV,2008,5.595575333
Croatia,HRV,2009,5.385372639
Croatia,HRV,2010,6.027634621
Croatia,HRV,2011,5.885462761
Croatia,HRV,2012,5.380692482
Croatia,HRV,2013,5.205438137
Croatia,HRV,2014,5.416875362
Croatia,HRV,2015,5.343165874
Croatia,HRV,2016,5.536271095
Croatia,HRV,2017,5.625743866
Croatia,HRV,2018,6.507992268
Croatia,HRV,2019,5.881700039
Croatia,HRV,2020,6.125199795
Cuba,CUB,2004,5.417868614
Cyprus,CYP,2004,6.237958431
Cyprus,CYP,2007,6.833477497
Cyprus,CYP,2008,6.386546135
Cyprus,CYP,2009,6.689608574
Cyprus,CYP,2010,6.180507183
Cyprus,CYP,2011,5.438952446
Cyprus,CYP,2012,5.627123833
Cyprus,CYP,2013,5.439161301
Cyprus,CYP,2014,5.794618607
Cyprus,CYP,2015,6.062051296
Cyprus,CYP,2016,6.276443005
Cyprus,CYP,2017,6.136832714
Cyprus,CYP,2018,6.259810448
Cyprus,CYP,2019,6.223499775
Cyprus,CYP,2020,6.220900059
Czechia,CZE,2003,6.439256668
Czechia,CZE,2005,6.500194073
Czechia,CZE,2008,6.249617577
Czechia,CZE,2009,6.331490993
Czechia,CZE,2010,6.334149361
Czechia,CZE,2011,6.697655678
Czechia,CZE,2012,6.483729839
Czechia,CZE,2013,6.608017445
Czechia,CZE,2014,6.735627174
Czechia,CZE,2015,6.789567947
Czechia,CZE,2016,7.034165382
Czechia,CZE,2018,6.897091389
Czechia,CZE,2019,6.964700222
Czechia,CZE,2020,6.919799805
Democratic Republic of Congo,COD,2007,3.983848572
Democratic Republic of Congo,COD,2009,4.516963959
Democratic Republic of Congo,COD,2010,4.63922739
Democratic Republic of Congo,COD,2011,4.497477055
Democratic Republic of Congo,COD,2012,4.414299965
Democratic Republic of Congo,COD,2013,3.902741671
Democratic Republic of Congo,COD,2014,4.521935463
Democratic Republic of Congo,COD,2015,4.311033249
Denmark,DNK,2003,8.01893425
Denmark,DNK,2005,7.834233284
Denmark,DNK,2006,7.970891953
Denmark,DNK,2007,7.683358669
Denmark,DNK,2008,7.770515442
Denmark,DNK,2009,7.78823185
Denmark,DNK,2010,7.519909382
Denmark,DNK,2011,7.588606834
Denmark,DNK,2012,7.507559299
Denmark,DNK,2013,7.514424801
Denmark,DNK,2014,7.55778265
Denmark,DNK,2015,7.593702316
Denmark,DNK,2016,7.648785591
Denmark,DNK,2017,7.693003178
Denmark,DNK,2018,7.514631271
Denmark,DNK,2019,7.61950016
Denmark,DNK,2020,7.636199951
Djibouti,DJI,2006,5.009330273
Djibouti,DJI,2007,4.905925274
Djibouti,DJI,2008,5.005810738
Djibouti,DJI,2009,4.369193554
Dominican Republic,DOM,2004,5.087967873
Dominican Republic,DOM,2005,5.081305981
Dominican Republic,DOM,2006,4.84230566
Dominican Republic,DOM,2007,5.431613922
Dominican Republic,DOM,2008,4.735021114
Dominican Republic,DOM,2009,5.396535397
Dominican Republic,DOM,2010,4.753311157
Dominican Republic,DOM,2011,5.015515327
Dominican Republic,DOM,2012,5.387331963
Dominican Republic,DOM,2013,5.061862469
Dominican Republic,DOM,2014,5.238698483
Dominican Republic,DOM,2015,5.605202675
Dominican Republic,DOM,2016,5.433215618
Dominican Republic,DOM,2017,6.004237175
Dominican Republic,DOM,2018,5.168409824
Dominican Republic,DOM,2019,5.545100212
Dominican Republic,DOM,2020,5.737199783
Ecuador,ECU,2004,5.02419138
Ecuador,ECU,2005,4.995875359
Ecuador,ECU,2006,5.296513081
Ecuador,ECU,2007,6.021803379
Ecuador,ECU,2008,5.838051319
Ecuador,ECU,2009,5.795088291
Ecuador,ECU,2010,5.960716248
Ecuador,ECU,2011,6.019206047
Ecuador,ECU,2012,5.945851803
Ecuador,ECU,2013,5.964075089
Ecuador,ECU,2014,6.115437508
Ecuador,ECU,2015,5.839518547
Ecuador,ECU,2016,6.128010273
Ecuador,ECU,2017,5.809131145
Ecuador,ECU,2018,5.35446167
Ecuador,ECU,2019,5.763999939
Ecuador,ECU,2020,5.533299923
Egypt,EGY,2003,5.167754173
Egypt,EGY,2005,5.540510654
Egypt,EGY,2006,4.631741047
Egypt,EGY,2007,5.066164494
Egypt,EGY,2008,4.668916225
Egypt,EGY,2009,4.174158573
Egypt,EGY,2010,4.204156876
Egypt,EGY,2011,3.558520317
Egypt,EGY,2012,4.885072708
Egypt,EGY,2013,4.762538433
Egypt,EGY,2014,4.556740761
Egypt,EGY,2015,3.929344177
Egypt,EGY,2016,4.005450726
Egypt,EGY,2017,4.327831745
Egypt,EGY,2018,4.472396851
Egypt,EGY,2019,4.282700062
Egypt,EGY,2020,4.287700176
El Salvador,SLV,2004,5.700929642
El Salvador,SLV,2005,5.295535088
El Salvador,SLV,2006,5.191493988
El Salvador,SLV,2007,6.839087009
El Salvador,SLV,2008,6.739911079
El Salvador,SLV,2009,4.741294861
El Salvador,SLV,2010,5.934371471
El Salvador,SLV,2011,6.325063229
El Salvador,SLV,2012,5.856523514
El Salvador,SLV,2013,6.018496037
El Salvador,SLV,2014,6.139824867
El Salvador,SLV,2015,6.339318275
El Salvador,SLV,2016,6.241199493
El Salvador,SLV,2017,6.454820633
El Salvador,SLV,2018,5.461926937
El Salvador,SLV,2019,6.060500145
El Salvador,SLV,2020,6.119999886
Estonia,EST,2004,5.371054649
Estonia,EST,2005,5.332044125
Estonia,EST,2006,5.451937675
Estonia,EST,2007,5.137738705
Estonia,EST,2009,5.486819744
Estonia,EST,2010,5.363927841
Estonia,EST,2011,5.367445946
Estonia,EST,2012,5.55598259
Estonia,EST,2013,5.628908634
Estonia,EST,2014,5.649675369
Estonia,EST,2015,5.938395977
Estonia,EST,2016,6.091302395
Estonia,EST,2017,6.034641266
Estonia,EST,2018,6.452563763
Estonia,EST,2019,6.188799858
Estonia,EST,2020,6.340799809
Eswatini,SWZ,2009,4.867091179
Eswatini,SWZ,2016,4.211565018
Eswatini,SWZ,2017,4.396114826
Eswatini,SWZ,2019,4.308100224
Eswatini,SWZ,2020,4.396100044
Ethiopia,ETH,2010,4.561168671
Ethiopia,ETH,2011,4.44482708
Ethiopia,ETH,2012,4.506646633
Ethiopia,ETH,2013,4.573154926
Ethiopia,ETH,2014,4.297848701
Ethiopia,ETH,2015,4.180315495
Ethiopia,ETH,2016,4.379262447
Ethiopia,ETH,2017,4.099555016
Ethiopia,ETH,2018,4.549219608
Ethiopia,ETH,2019,4.274700165
Ethiopia,ETH,2020,4.241499901
Finland,FIN,2004,7.672449112
Finland,FIN,2006,7.67062664
Finland,FIN,2008,7.393264294
Finland,FIN,2009,7.354225159
Finland,FIN,2010,7.420209408
Finland,FIN,2011,7.444635868
Finland,FIN,2012,7.384571075
Finland,FIN,2013,7.447925568
Finland,FIN,2014,7.659843445
Finland,FIN,2015,7.788251877
Finland,FIN,2016,7.85810709
Finland,FIN,2017,7.780347824
Finland,FIN,2018,7.889349937
Finland,FIN,2019,7.842100143
Finland,FIN,2020,7.821000099
France,FRA,2003,7.093392849
France,FRA,2004,6.582700253
France,FRA,2006,7.008064747
France,FRA,2007,6.283498287
France,FRA,2008,6.797901154
France,FRA,2009,6.959185123
France,FRA,2010,6.649365425
France,FRA,2011,6.66712141
France,FRA,2012,6.466867924
France,FRA,2013,6.357625008
France,FRA,2014,6.475208759
France,FRA,2015,6.635222435
France,FRA,2016,6.665903568
France,FRA,2017,6.689644337
France,FRA,2018,6.714111805
France,FRA,2019,6.689899921
France,FRA,2020,6.686699867
Gabon,GAB,2009,4.255400658
Gabon,GAB,2010,3.97205925
Gabon,GAB,2011,3.800287008
Gabon,GAB,2012,3.918073177
Gabon,GAB,2013,4.66101265
Gabon,GAB,2014,4.831764221
Gabon,GAB,2015,4.782382965
Gabon,GAB,2016,4.783009052
Gabon,GAB,2017,4.914393425
Gabon,GAB,2019,4.851799965
Gabon,GAB,2020,4.958300114
Gambia,GMB,2015,4.117938995
Gambia,GMB,2016,4.922099113
Gambia,GMB,2017,5.163627148
Gambia,GMB,2019,5.051000118
Gambia,GMB,2020,5.163599968
Georgia,GEO,2004,3.675108433
Georgia,GEO,2005,3.707194567
Georgia,GEO,2006,4.15609026
Georgia,GEO,2007,3.800639153
Georgia,GEO,2008,4.101837158
Georgia,GEO,2009,4.203030586
Georgia,GEO,2010,4.254445553
Georgia,GEO,2011,4.348920822
Georgia,GEO,2012,4.287508011
Georgia,GEO,2013,4.121940613
Georgia,GEO,2014,4.448386192
Georgia,GEO,2015,4.45077467
Georgia,GEO,2016,4.659097195
Georgia,GEO,2017,4.89183569
Georgia,GEO,2018,5.123143196
Georgia,GEO,2019,4.89139986
Georgia,GEO,2020,4.973199844
Germany,DEU,2003,6.619549751
Germany,DEU,2005,6.416819572
Germany,DEU,2006,6.521790028
Germany,DEU,2007,6.64149332
Germany,DEU,2008,6.724531174
Germany,DEU,2009,6.621312141
Germany,DEU,2010,6.702362061
Germany,DEU,2011,6.965125084
Germany,DEU,2012,6.984214306
Germany,DEU,2013,7.037137508
Germany,DEU,2014,6.873763084
Germany,DEU,2015,7.074324608
Germany,DEU,2016,7.118364334
Germany,DEU,2017,7.035472393
Germany,DEU,2018,7.311897755
Germany,DEU,2019,7.154500008
Germany,DEU,2020,7.034100056
Ghana,GHA,2004,4.535019875
Ghana,GHA,2005,5.220148087
Ghana,GHA,2006,4.965134621
Ghana,GHA,2007,4.197695732
Ghana,GHA,2008,4.606251717
Ghana,GHA,2009,5.608199596
Ghana,GHA,2010,5.057261944
Ghana,GHA,2011,4.965053082
Ghana,GHA,2012,3.860351086
Ghana,GHA,2013,3.985916138
Ghana,GHA,2014,4.514411449
Ghana,GHA,2015,5.481310844
Ghana,GHA,2016,5.003693104
Ghana,GHA,2017,4.96680975
Ghana,GHA,2018,5.31948328
Ghana,GHA,2019,5.088399887
Ghana,GHA,2020,4.872000217
Greece,GRC,2003,6.006309986
Greece,GRC,2005,6.646961212
Greece,GRC,2007,6.038574696
Greece,GRC,2008,5.839558601
Greece,GRC,2009,5.372039795
Greece,GRC,2010,5.096354008
Greece,GRC,2011,4.720251083
Greece,GRC,2012,4.75623703
Greece,GRC,2013,5.622519016
Greece,GRC,2014,5.302619457
Greece,GRC,2015,5.14824152
Greece,GRC,2016,5.40928936
Greece,GRC,2017,5.952157497
Greece,GRC,2018,5.787615776
Greece,GRC,2019,5.722599983
Greece,GRC,2020,5.948200226
Guatemala,GTM,2004,5.901429176
Guatemala,GTM,2005,6.329581261
Guatemala,GTM,2006,6.414494514
Guatemala,GTM,2007,6.451916218
Guatemala,GTM,2008,6.289748669
Guatemala,GTM,2009,5.743353844
Guatemala,GTM,2010,5.855717182
Guatemala,GTM,2011,5.984601498
Guatemala,GTM,2012,6.536030769
Guatemala,GTM,2013,6.464986801
Guatemala,GTM,2014,6.358916283
Guatemala,GTM,2015,6.325118542
Guatemala,GTM,2016,6.626591682
Guatemala,GTM,2017,6.262175083
Guatemala,GTM,2019,6.434500217
Guatemala,GTM,2020,6.262199879
Guinea,GIN,2009,4.044569492
Guinea,GIN,2010,3.651554823
Guinea,GIN,2011,3.901793003
Guinea,GIN,2012,3.4124825
Guinea,GIN,2013,3.504693508
Guinea,GIN,2014,3.602854729
Guinea,GIN,2015,4.873722553
Guinea,GIN,2016,5.25222683
Guinea,GIN,2017,4.76768446
Guinea,GIN,2019,4.984300137
Guinea,GIN,2020,4.890500069
Guyana,GUY,2005,5.992826462
Haiti,HTI,2004,3.754156113
Haiti,HTI,2006,3.846329212
Haiti,HTI,2008,3.76599884
Haiti,HTI,2009,4.844573975
Haiti,HTI,2010,4.413475037
Haiti,HTI,2011,4.62196207
Haiti,HTI,2012,3.888778448
Haiti,HTI,2013,3.569762468
Haiti,HTI,2014,3.352300167
Haiti,HTI,2015,3.823865652
Haiti,HTI,2016,3.614928007
Haiti,HTI,2019,3.614900112
Honduras,HND,2004,5.396519661
Honduras,HND,2005,5.09715414
Honduras,HND,2006,5.420331001
Honduras,HND,2007,6.033189297
Honduras,HND,2008,5.866131306
Honduras,HND,2009,4.961031437
Honduras,HND,2010,4.602218151
Honduras,HND,2011,4.713358402
Honduras,HND,2012,5.055726051
Honduras,HND,2013,4.845436573
Honduras,HND,2014,5.648154736
Honduras,HND,2015,6.019985676
Honduras,HND,2016,5.908423901
Honduras,HND,2017,5.930051327
Honduras,HND,2019,5.919199944
Honduras,HND,2020,6.022099972
Hong Kong,HKG,2004,5.511187077
Hong Kong,HKG,2006,5.137261868
Hong Kong,HKG,2007,5.397055626
Hong Kong,HKG,2008,5.642834663
Hong Kong,HKG,2009,5.474010944
Hong Kong,HKG,2010,5.483764648
Hong Kong,HKG,2012,5.458050728
Hong Kong,HKG,2014,5.498420715
Hong Kong,HKG,2015,5.362474918
Hong Kong,HKG,2017,5.659317017
Hong Kong,HKG,2018,5.295341492
Hong Kong,HKG,2019,5.476699829
Hong Kong,HKG,2020,5.424799919
Hungary,HUN,2003,5.193933487
Hungary,HUN,2005,4.953917027
Hungary,HUN,2007,4.894600391
Hungary,HUN,2008,4.725132465
Hungary,HUN,2009,4.917602539
Hungary,HUN,2010,4.683358192
Hungary,HUN,2011,4.914466858
Hungary,HUN,2012,5.18056345
Hungary,HUN,2013,5.34438324
Hungary,HUN,2014,5.448901653
Hungary,HUN,2015,6.065038681
Hungary,HUN,2016,5.935770988
Hungary,HUN,2017,6.000259876
Hungary,HUN,2018,6.038049698
Hungary,HUN,2019,5.991600037
Hungary,HUN,2020,6.08589983
Iceland,ISL,2006,6.888284206
Iceland,ISL,2010,7.590660095
Iceland,ISL,2011,7.501394272
Iceland,ISL,2013,7.498070717
Iceland,ISL,2014,7.510034561
Iceland,ISL,2015,7.476213932
Iceland,ISL,2017,7.532504559
Iceland,ISL,2018,7.575489521
Iceland,ISL,2019,7.553899765
Iceland,ISL,2020,7.557499886
India,IND,2004,5.348258972
India,IND,2005,5.02679348
India,IND,2006,5.145833015
India,IND,2007,4.521517754
India,IND,2008,4.989277363
India,IND,2009,4.634871483
India,IND,2010,4.720146656
India,IND,2011,4.427788734
India,IND,2012,4.424379349
India,IND,2013,4.342079163
India,IND,2014,4.179177284
India,IND,2015,4.046111107
India,IND,2016,3.818068743
India,IND,2017,3.24876976
India,IND,2018,4.225281239
India,IND,2019,3.818900108
India,IND,2020,3.777100086
Indonesia,IDN,2004,4.946978092
Indonesia,IDN,2005,5.101213932
Indonesia,IDN,2006,4.815309525
Indonesia,IDN,2007,5.472361088
Indonesia,IDN,2008,5.457299232
Indonesia,IDN,2009,5.172608376
Indonesia,IDN,2010,5.36777401
Indonesia,IDN,2011,5.292237759
Indonesia,IDN,2012,5.597375393
Indonesia,IDN,2013,5.04279995
Indonesia,IDN,2014,5.136325359
Indonesia,IDN,2015,5.098401546
Indonesia,IDN,2016,5.340295792
Indonesia,IDN,2017,5.346512794
Indonesia,IDN,2019,5.344500065
Indonesia,IDN,2020,5.239600182
Iran,IRN,2003,5.308190346
Iran,IRN,2005,5.336371422
Iran,IRN,2006,5.128988266
Iran,IRN,2009,4.767507076
Iran,IRN,2010,4.608927727
Iran,IRN,2011,5.139579296
Iran,IRN,2012,4.682224274
Iran,IRN,2013,4.749955654
Iran,IRN,2014,4.652730942
Iran,IRN,2015,4.716783047
Iran,IRN,2016,4.278117657
Iran,IRN,2017,5.006145954
Iran,IRN,2018,4.864528179
Iran,IRN,2019,4.721199989
Iran,IRN,2020,4.887899876
Iraq,IRQ,2006,4.589844704
Iraq,IRQ,2007,4.775316715
Iraq,IRQ,2008,5.065462112
Iraq,IRQ,2009,4.725366116
Iraq,IRQ,2010,4.659508705
Iraq,IRQ,2011,4.725017071
Iraq,IRQ,2012,4.541502476
Iraq,IRQ,2013,4.493377209
Iraq,IRQ,2014,4.412537098
Iraq,IRQ,2015,4.462399006
Iraq,IRQ,2016,4.8864007
Iraq,IRQ,2018,4.78516531
Iraq,IRQ,2019,4.854100227
Iraq,IRQ,2020,4.940899849
Ireland,IRL,2004,7.144246578
Ireland,IRL,2006,7.568029881
Ireland,IRL,2007,7.045911312
Ireland,IRL,2008,7.257389545
Ireland,IRL,2009,7.006904125
Ireland,IRL,2010,6.964645386
Ireland,IRL,2011,6.760085106
Ireland,IRL,2012,7.018379211
Ireland,IRL,2013,6.830125332
Ireland,IRL,2014,7.04073143
Ireland,IRL,2015,7.060155392
Ireland,IRL,2016,6.962335587
Ireland,IRL,2017,7.254841328
Ireland,IRL,2018,7.034930706
Ireland,IRL,2019,7.085299969
Ireland,IRL,2020,7.040800095
Israel,ISR,2004,7.173417091
Israel,ISR,2005,6.841114998
Israel,ISR,2006,7.261261463
Israel,ISR,2007,7.352979183
Israel,ISR,2008,7.358916283
Israel,ISR,2009,7.433147907
Israel,ISR,2010,7.110854626
Israel,ISR,2011,7.320563316
Israel,ISR,2012,7.400570393
Israel,ISR,2013,7.07941103
Israel,ISR,2014,7.159010887
Israel,ISR,2015,7.331036091
Israel,ISR,2016,6.92717886
Israel,ISR,2017,7.331779957
Israel,ISR,2018,7.194928169
Israel,ISR,2019,7.157100201
Israel,ISR,2020,7.363800049
Italy,ITA,2003,6.853783607
Italy,ITA,2005,6.574412346
Italy,ITA,2006,6.779774189
Italy,ITA,2007,6.333800316
Italy,ITA,2008,6.354238033
Italy,ITA,2009,6.057086468
Italy,ITA,2010,5.839313984
Italy,ITA,2011,6.009373665
Italy,ITA,2012,6.026585102
Italy,ITA,2013,5.847683907
Italy,ITA,2014,5.95452404
Italy,ITA,2015,6.198870182
Italy,ITA,2016,6.516526699
Italy,ITA,2017,6.445416927
Italy,ITA,2018,6.488356113
Italy,ITA,2019,6.483099937
Italy,ITA,2020,6.466700077
Jamaica,JAM,2004,6.207881927
Jamaica,JAM,2009,5.374446392
Jamaica,JAM,2011,5.708886623
Jamaica,JAM,2012,5.310538769
Jamaica,JAM,2015,5.889759064
Jamaica,JAM,2017,6.309238911
Jamaica,JAM,2019,6.30919981
Jamaica,JAM,2020,5.849599838
Japan,JPN,2003,6.515817165
Japan,JPN,2005,6.238197803
Japan,JPN,2006,5.91067934
Japan,JPN,2007,5.844999313
Japan,JPN,2008,6.056752682
Japan,JPN,2009,6.262793541
Japan,JPN,2010,5.968216419
Japan,JPN,2011,5.959361553
Japan,JPN,2012,5.922620773
Japan,JPN,2013,5.879684448
Japan,JPN,2014,5.954650879
Japan,JPN,2015,5.910676479
Japan,JPN,2016,5.793575287
Japan,JPN,2017,5.908039093
Japan,JPN,2018,6.117963314
Japan,JPN,2019,5.940499783
Japan,JPN,2020,6.038899899
Jordan,JOR,2003,6.294660091
Jordan,JOR,2005,5.59805727
Jordan,JOR,2006,4.930058002
Jordan,JOR,2007,5.999859333
Jordan,JOR,2008,5.569942474
Jordan,JOR,2009,5.539327621
Jordan,JOR,2010,5.131996155
Jordan,JOR,2011,5.171952724
Jordan,JOR,2012,5.333021641
Jordan,JOR,2013,5.404593468
Jordan,JOR,2014,5.27128458
Jordan,JOR,2015,4.808082581
Jordan,JOR,2016,4.638933659
Jordan,JOR,2017,4.452548027
Jordan,JOR,2018,4.093991756
Jordan,JOR,2019,4.394599915
Jordan,JOR,2020,4.152100086
Kazakhstan,KAZ,2004,5.475948334
Kazakhstan,KAZ,2005,5.718553543
Kazakhstan,KAZ,2006,5.886419773
Kazakhstan,KAZ,2007,5.382563114
Kazakhstan,KAZ,2008,5.514286518
Kazakhstan,KAZ,2009,5.735662937
Kazakhstan,KAZ,2010,5.759469509
Kazakhstan,KAZ,2011,5.835483074
Kazakhstan,KAZ,2012,5.970097542
Kazakhstan,KAZ,2013,5.949995041
Kazakhstan,KAZ,2014,5.533551693
Kazakhstan,KAZ,2015,5.882351398
Kazakhstan,KAZ,2016,6.00763607
Kazakhstan,KAZ,2017,6.272268295
Kazakhstan,KAZ,2018,6.168269157
Kazakhstan,KAZ,2019,6.151800156
Kazakhstan,KAZ,2020,6.234099865
Kenya,KEN,2004,4.223234177
Kenya,KEN,2005,4.575657845
Kenya,KEN,2006,4.015274525
Kenya,KEN,2007,4.270434856
Kenya,KEN,2008,4.255859375
Kenya,KEN,2009,4.405310154
Kenya,KEN,2010,4.547335148
Kenya,KEN,2011,3.795383215
Kenya,KEN,2012,4.904579639
Kenya,KEN,2013,4.357617855
Kenya,KEN,2014,4.396127701
Kenya,KEN,2015,4.475654125
Kenya,KEN,2016,4.655702591
Kenya,KEN,2017,4.618850231
Kenya,KEN,2018,4.546584129
Kenya,KEN,2019,4.606599808
Kenya,KEN,2020,4.543000221
Kosovo,OWID_KOS,2005,5.103906155
Kosovo,OWID_KOS,2006,5.521659851
Kosovo,OWID_KOS,2007,5.891432762
Kosovo,OWID_KOS,2008,5.17660141
Kosovo,OWID_KOS,2009,4.859501839
Kosovo,OWID_KOS,2010,5.639588356
Kosovo,OWID_KOS,2011,6.125758171
Kosovo,OWID_KOS,2012,5.000375271
Kosovo,OWID_KOS,2013,5.077460766
Kosovo,OWID_KOS,2014,5.759412289
Kosovo,OWID_KOS,2015,6.149199963
Kosovo,OWID_KOS,2016,6.391825676
Kosovo,OWID_KOS,2017,6.425144196
Kosovo,OWID_KOS,2018,6.294414043
Kosovo,OWID_KOS,2019,6.372000217
Kosovo,OWID_KOS,2020,6.45510006
Kuwait,KWT,2004,6.075547218
Kuwait,KWT,2007,6.585246086
Kuwait,KWT,2008,6.798151016
Kuwait,KWT,2009,6.377699375
Kuwait,KWT,2010,6.221094608
Kuwait,KWT,2011,6.480031013
Kuwait,KWT,2012,6.180138588
Kuwait,KWT,2013,6.146031857
Kuwait,KWT,2014,5.947194576
Kuwait,KWT,2015,6.093905449
Kuwait,KWT,2017,6.106119633
Kuwait,KWT,2019,6.106100082
Kuwait,KWT,2020,6.106100082
Kyrgyzstan,KGZ,2004,4.641398907
Kyrgyzstan,KGZ,2005,4.697761536
Kyrgyzstan,KGZ,2006,4.736588001
Kyrgyzstan,KGZ,2007,5.06905365
Kyrgyzstan,KGZ,2008,4.996410847
Kyrgyzstan,KGZ,2009,4.921049118
Kyrgyzstan,KGZ,2010,5.207785606
Kyrgyzstan,KGZ,2011,5.40242672
Kyrgyzstan,KGZ,2012,5.252192974
Kyrgyzstan,KGZ,2013,4.905375957
Kyrgyzstan,KGZ,2014,4.856534004
Kyrgyzstan,KGZ,2015,5.629536629
Kyrgyzstan,KGZ,2016,5.297383308
Kyrgyzstan,KGZ,2017,5.685220718
Kyrgyzstan,KGZ,2018,6.249586105
Kyrgyzstan,KGZ,2019,5.743599892
Kyrgyzstan,KGZ,2020,5.828499794
Laos,LAO,2004,5.076225758
Laos,LAO,2005,5.363854885
Laos,LAO,2006,5.044098854
Laos,LAO,2009,4.703749657
Laos,LAO,2010,4.876084805
Laos,LAO,2015,4.623140812
Laos,LAO,2016,4.85940218
Laos,LAO,2017,5.196856022
Laos,LAO,2018,5.284390926
Laos,LAO,2019,5.03000021
Laos,LAO,2020,5.140299797
Latvia,LVA,2004,4.70950222
Latvia,LVA,2005,4.666971684
Latvia,LVA,2006,5.145375252
Latvia,LVA,2007,4.668910503
Latvia,LVA,2009,4.966811657
Latvia,LVA,2010,5.125025272
Latvia,LVA,2011,5.069770336
Latvia,LVA,2012,5.729115486
Latvia,LVA,2013,5.880597591
Latvia,LVA,2014,5.940446377
Latvia,LVA,2015,5.977817535
Latvia,LVA,2016,5.901154041
Latvia,LVA,2017,5.969753742
Latvia,LVA,2018,6.229008675
Latvia,LVA,2019,6.032000065
Latvia,LVA,2020,6.180399895
Lebanon,LBN,2003,5.49124527
Lebanon,LBN,2004,4.653103828
Lebanon,LBN,2006,4.594851017
Lebanon,LBN,2007,5.205998898
Lebanon,LBN,2008,5.031899452
Lebanon,LBN,2009,5.187571526
Lebanon,LBN,2010,4.572566986
Lebanon,LBN,2011,4.983288765
Lebanon,LBN,2012,5.233025551
Lebanon,LBN,2013,5.171971321
Lebanon,LBN,2014,5.27072382
Lebanon,LBN,2015,5.153989792
Lebanon,LBN,2016,5.167186737
Lebanon,LBN,2017,4.024219513
Lebanon,LBN,2019,4.583799839
Lebanon,LBN,2020,2.955300093
Lesotho,LSO,2009,4.89751482
Lesotho,LSO,2014,3.808204889
Lesotho,LSO,2015,3.795300722
Lesotho,LSO,2017,3.5117805
Lesotho,LSO,2019,3.511800051
Lesotho,LSO,2020,3.511800051
Liberia,LBR,2005,3.701401234
Liberia,LBR,2006,4.221354008
Liberia,LBR,2008,4.196063042
Liberia,LBR,2012,4.571419239
Liberia,LBR,2013,2.701591253
Liberia,LBR,2014,3.354676008
Liberia,LBR,2015,4.424490929
Liberia,LBR,2016,4.134852886
Liberia,LBR,2017,5.121460915
Liberia,LBR,2019,4.625199795
Liberia,LBR,2020,5.121500015
Libya,LBY,2010,5.754394054
Libya,LBY,2013,5.615404606
Libya,LBY,2014,5.43358326
Libya,LBY,2015,5.646852493
Libya,LBY,2016,5.493977547
Libya,LBY,2017,5.33022213
Libya,LBY,2019,5.410299778
Libya,LBY,2020,5.330200195
Lithuania,LTU,2004,5.954442978
Lithuania,LTU,2005,5.80828476
Lithuania,LTU,2006,5.553925991
Lithuania,LTU,2007,5.466920853
Lithuania,LTU,2008,5.065824986
Lithuania,LTU,2009,5.43243742
Lithuania,LTU,2010,5.771037102
Lithuania,LTU,2011,5.595689297
Lithuania,LTU,2012,6.125723839
Lithuania,LTU,2013,5.711378098
Lithuania,LTU,2014,5.865552425
Lithuania,LTU,2015,6.272940636
Lithuania,LTU,2016,6.308878899
Lithuania,LTU,2017,6.064097881
Lithuania,LTU,2018,6.39137888
Lithuania,LTU,2019,6.255400181
Lithuania,LTU,2020,6.445600033
Luxembourg,LUX,2007,6.957920074
Luxembourg,LUX,2008,7.097251892
Luxembourg,LUX,2009,7.101400375
Luxembourg,LUX,2010,6.964097023
Luxembourg,LUX,2011,7.130809307
Luxembourg,LUX,2012,6.89112711
Luxembourg,LUX,2013,6.701571465
Luxembourg,LUX,2014,6.967340946
Luxembourg,LUX,2015,7.061380863
Luxembourg,LUX,2016,7.242630959
Luxembourg,LUX,2017,7.404015541
Luxembourg,LUX,2019,7.324399948
Luxembourg,LUX,2020,7.403999805
Madagascar,MDG,2004,3.979751348
Madagascar,MDG,2006,4.640079021
Madagascar,MDG,2009,4.381415367
Madagascar,MDG,2010,3.550609589
Madagascar,MDG,2011,3.815607071
Madagascar,MDG,2012,3.675626993
Madagascar,MDG,2013,3.592514038
Madagascar,MDG,2014,3.663085938
Madagascar,MDG,2015,4.078620434
Madagascar,MDG,2016,4.070586681
Madagascar,MDG,2017,4.339087486
Madagascar,MDG,2019,4.208499908
Madagascar,MDG,2020,4.339099884
Malawi,MWI,2004,3.829868078
Malawi,MWI,2005,4.89103651
Malawi,MWI,2007,5.148239613
Malawi,MWI,2009,3.946062565
Malawi,MWI,2010,4.279269695
Malawi,MWI,2011,4.035084248
Malawi,MWI,2012,4.563080311
Malawi,MWI,2013,3.86763835
Malawi,MWI,2014,3.476492643
Malawi,MWI,2015,3.416862965
Malawi,MWI,2016,3.334633589
Malawi,MWI,2017,3.869123697
Malawi,MWI,2019,3.599999905
Malawi,MWI,2020,3.750400066
Malaysia,MYS,2004,6.011716843
Malaysia,MYS,2005,6.238904476
Malaysia,MYS,2006,5.806781769
Malaysia,MYS,2007,5.384701729
Malaysia,MYS,2008,5.580281734
Malaysia,MYS,2009,5.786367416
Malaysia,MYS,2010,5.914283752
Malaysia,MYS,2011,5.770199776
Malaysia,MYS,2012,5.962921619
Malaysia,MYS,2013,6.322121143
Malaysia,MYS,2016,5.338817596
Malaysia,MYS,2017,5.427954197
Malaysia,MYS,2019,5.384300232
Malaysia,MYS,2020,5.711299896
Maldives,MDV,2016,5.197574615
Maldives,MDV,2019,5.197599888
Mali,MLI,2004,4.014075756
Mali,MLI,2006,4.114664078
Mali,MLI,2007,3.976598501
Mali,MLI,2008,3.762305021
Mali,MLI,2009,4.666832924
Mali,MLI,2010,4.313016891
Mali,MLI,2011,3.676277161
Mali,MLI,2012,3.974714279
Mali,MLI,2013,4.582098484
Mali,MLI,2014,4.016027927
Mali,MLI,2015,4.741850376
Mali,MLI,2016,4.415729523
Mali,MLI,2017,4.98799181
Mali,MLI,2019,4.723499775
Mali,MLI,2020,4.479000092
Malta,MLT,2007,6.32763958
Malta,MLT,2008,5.77387476
Malta,MLT,2009,6.154718399
Malta,MLT,2010,5.962872028
Malta,MLT,2011,6.379924774
Malta,MLT,2012,6.45211792
Malta,MLT,2013,6.61339426
Malta,MLT,2014,6.590842247
Malta,MLT,2015,6.675665855
Malta,MLT,2016,6.909710884
Malta,MLT,2017,6.73297739
Malta,MLT,2018,6.156822681
Malta,MLT,2019,6.602000237
Malta,MLT,2020,6.446899891
Mauritania,MRT,2005,4.149043083
Mauritania,MRT,2006,4.248075008
Mauritania,MRT,2007,4.500431538
Mauritania,MRT,2008,4.772306919
Mauritania,MRT,2009,4.784804344
Mauritania,MRT,2010,4.673203945
Mauritania,MRT,2011,4.199015141
Mauritania,MRT,2012,4.482805252
Mauritania,MRT,2013,3.922664165
Mauritania,MRT,2014,4.472149372
Mauritania,MRT,2015,4.678159714
Mauritania,MRT,2016,4.313615322
Mauritania,MRT,2017,4.152619362
Mauritania,MRT,2019,4.227399826
Mauritania,MRT,2020,4.152599812
Mauritius,MUS,2009,5.477073193
Mauritius,MUS,2012,5.647779942
Mauritius,MUS,2014,5.610003471
Mauritius,MUS,2015,6.174117565
Mauritius,MUS,2016,5.88174057
Mauritius,MUS,2017,6.241165161
Mauritius,MUS,2018,6.015300274
Mauritius,MUS,2019,6.048999786
Mauritius,MUS,2020,6.071100235
Mexico,MEX,2003,6.580657959
Mexico,MEX,2005,6.525378227
Mexico,MEX,2006,6.829036236
Mexico,MEX,2007,6.962819099
Mexico,MEX,2008,6.802388668
Mexico,MEX,2009,6.909515381
Mexico,MEX,2010,7.320185184
Mexico,MEX,2011,7.442546368
Mexico,MEX,2012,6.679831028
Mexico,MEX,2013,6.236287117
Mexico,MEX,2014,6.824172974
Mexico,MEX,2015,6.410299301
Mexico,MEX,2016,6.549578667
Mexico,MEX,2017,6.431945324
Mexico,MEX,2018,5.964221001
Mexico,MEX,2019,6.316800117
Mexico,MEX,2020,6.127600193
Moldova,MDA,2004,5.102071285
Moldova,MDA,2005,4.774918079
Moldova,MDA,2006,5.502756119
Moldova,MDA,2007,5.554374218
Moldova,MDA,2008,5.589736462
Moldova,MDA,2009,5.792262554
Moldova,MDA,2010,5.995712757
Moldova,MDA,2011,5.75605917
Moldova,MDA,2012,5.917058468
Moldova,MDA,2013,6.017472267
Moldova,MDA,2014,5.577784061
Moldova,MDA,2015,5.325530529
Moldova,MDA,2016,5.682277203
Moldova,MDA,2017,5.803450584
Moldova,MDA,2018,5.811628819
Moldova,MDA,2019,5.76639986
Moldova,MDA,2020,5.856800079
Mongolia,MNG,2005,4.609059334
Mongolia,MNG,2006,4.493010044
Mongolia,MNG,2008,4.585523605
Mongolia,MNG,2009,5.031173706
Mongolia,MNG,2010,4.885150433
Mongolia,MNG,2011,4.912928104
Mongolia,MNG,2012,4.824834824
Mongolia,MNG,2013,4.982719898
Mongolia,MNG,2014,5.056999683
Mongolia,MNG,2015,5.333850384
Mongolia,MNG,2016,5.464622974
Mongolia,MNG,2017,5.562905312
Mongolia,MNG,2018,6.011364937
Mongolia,MNG,2019,5.677199841
Mongolia,MNG,2020,5.760700226
Montenegro,MNE,2005,5.196315289
Montenegro,MNE,2007,4.8010602
Montenegro,MNE,2008,5.455030441
Montenegro,MNE,2009,5.223116875
Montenegro,MNE,2010,5.218724251
Montenegro,MNE,2011,5.074341774
Montenegro,MNE,2012,5.282720566
Montenegro,MNE,2013,5.124921322
Montenegro,MNE,2014,5.304066181
Montenegro,MNE,2015,5.614798546
Montenegro,MNE,2016,5.650189877
Montenegro,MNE,2017,5.386024952
Montenegro,MNE,2018,5.722162724
Montenegro,MNE,2019,5.580500126
Montenegro,MNE,2020,5.546800137
Morocco,MAR,2008,4.383247375
Morocco,MAR,2009,5.084972858
Morocco,MAR,2010,4.969656467
Morocco,MAR,2011,5.142160416
Morocco,MAR,2013,5.163156986
Morocco,MAR,2014,5.38630724
Morocco,MAR,2015,5.312482834
Morocco,MAR,2016,4.896791935
Morocco,MAR,2017,5.056751728
Morocco,MAR,2018,4.80261755
Morocco,MAR,2019,4.918000221
Morocco,MAR,2020,5.059899807
Mozambique,MOZ,2004,4.594879627
Mozambique,MOZ,2005,4.832634926
Mozambique,MOZ,2006,4.65358305
Mozambique,MOZ,2009,4.971111774
Mozambique,MOZ,2013,4.549767494
Mozambique,MOZ,2015,4.279863358
Mozambique,MOZ,2016,4.653713703
Mozambique,MOZ,2017,4.932132721
Mozambique,MOZ,2019,4.794499874
Mozambique,MOZ,2020,5.048299789
Myanmar,MMR,2010,4.438939571
Myanmar,MMR,2011,4.175670624
Myanmar,MMR,2012,4.786247253
Myanmar,MMR,2013,4.223846436
Myanmar,MMR,2014,4.623119831
Myanmar,MMR,2015,4.154341698
Myanmar,MMR,2016,4.410633087
Myanmar,MMR,2017,4.43423748
Myanmar,MMR,2018,4.431364059
Myanmar,MMR,2019,4.425799847
Myanmar,MMR,2020,4.394199848
Namibia,NAM,2005,4.885587215
Namibia,NAM,2012,4.573991299
Namibia,NAM,2015,4.441306114
Namibia,NAM,2016,4.834087849
Namibia,NAM,2017,4.435811043
Namibia,NAM,2018,4.451010227
Namibia,NAM,2019,4.574100018
Namibia,NAM,2020,4.459400177
Nepal,NPL,2004,4.566594601
Nepal,NPL,2005,4.74828434
Nepal,NPL,2006,4.440526485
Nepal,NPL,2007,4.91686821
Nepal,NPL,2008,4.349675179
Nepal,NPL,2009,3.809444666
Nepal,NPL,2010,4.233244896
Nepal,NPL,2011,4.604576588
Nepal,NPL,2012,4.975014687
Nepal,NPL,2013,4.812436581
Nepal,NPL,2014,5.099539757
Nepal,NPL,2015,4.736692429
Nepal,NPL,2016,4.910086632
Nepal,NPL,2017,5.448724747
Nepal,NPL,2019,5.268899918
Nepal,NPL,2020,5.37650013
Netherlands,NLD,2003,7.463979244
Netherlands,NLD,2005,7.451879501
Netherlands,NLD,2006,7.631011963
Netherlands,NLD,2008,7.501875877
Netherlands,NLD,2009,7.563797951
Netherlands,NLD,2010,7.470715523
Netherlands,NLD,2011,7.406550407
Netherlands,NLD,2012,7.32118845
Netherlands,NLD,2013,7.324437141
Netherlands,NLD,2014,7.540877342
Netherlands,NLD,2015,7.458965302
Netherlands,NLD,2016,7.463097095
Netherlands,NLD,2017,7.42526865
Netherlands,NLD,2018,7.504447937
Netherlands,NLD,2019,7.464000225
Netherlands,NLD,2020,7.414899826
New Zealand,NZL,2004,7.305014133
New Zealand,NZL,2005,7.604173183
New Zealand,NZL,2006,7.38117075
New Zealand,NZL,2008,7.223756313
New Zealand,NZL,2009,7.190638065
New Zealand,NZL,2010,7.249629974
New Zealand,NZL,2011,7.280151844
New Zealand,NZL,2012,7.305892467
New Zealand,NZL,2013,7.418120861
New Zealand,NZL,2014,7.225687981
New Zealand,NZL,2015,7.32718277
New Zealand,NZL,2016,7.370285988
New Zealand,NZL,2017,7.205174446
New Zealand,NZL,2018,7.257381916
New Zealand,NZL,2019,7.276599884
New Zealand,NZL,2020,7.199800014
Nicaragua,NIC,2004,4.460158348
Nicaragua,NIC,2005,4.944090843
Nicaragua,NIC,2006,5.103827477
Nicaragua,NIC,2007,5.352804661
Nicaragua,NIC,2008,5.68669939
Nicaragua,NIC,2009,5.385705471
Nicaragua,NIC,2010,5.448006153
Nicaragua,NIC,2011,5.772274971
Nicaragua,NIC,2012,6.275266647
Nicaragua,NIC,2013,5.924112797
Nicaragua,NIC,2014,6.012739658
Nicaragua,NIC,2015,6.476356506
Nicaragua,NIC,2016,5.81895256
Nicaragua,NIC,2017,6.112545013
Nicaragua,NIC,2019,5.972099781
Nicaragua,NIC,2020,6.164599895
Niger,NER,2004,3.736951828
Niger,NER,2005,4.277402401
Niger,NER,2006,4.235657215
Niger,NER,2007,4.267169952
Niger,NER,2008,4.101016045
Niger,NER,2009,4.555829525
Niger,NER,2010,3.798088312
Niger,NER,2011,3.716329813
Niger,NER,2012,4.180943489
Niger,NER,2013,3.671453714
Niger,NER,2014,4.234645844
Niger,NER,2015,4.615673542
Niger,NER,2016,5.164007187
Niger,NER,2017,5.003544331
Niger,NER,2019,5.074100018
Niger,NER,2020,5.003499985
Nigeria,NGA,2004,4.709745884
Nigeria,NGA,2005,4.890419483
Nigeria,NGA,2006,4.938560486
Nigeria,NGA,2007,4.980220318
Nigeria,NGA,2008,4.760275841
Nigeria,NGA,2010,5.492954254
Nigeria,NGA,2011,4.81786871
Nigeria,NGA,2013,4.932914734
Nigeria,NGA,2014,5.219567776
Nigeria,NGA,2015,5.321928024
Nigeria,NGA,2016,5.252288342
Nigeria,NGA,2017,4.356419086
Nigeria,NGA,2018,5.502948284
Nigeria,NGA,2019,4.759300232
Nigeria,NGA,2020,4.552000046
North Macedonia,MKD,2005,4.493598461
North Macedonia,MKD,2007,4.428021908
North Macedonia,MKD,2008,4.180202007
North Macedonia,MKD,2009,4.898180008
North Macedonia,MKD,2010,4.639647484
North Macedonia,MKD,2011,5.186190605
North Macedonia,MKD,2012,5.203825951
North Macedonia,MKD,2013,4.975589752
North Macedonia,MKD,2014,5.34574604
North Macedonia,MKD,2015,5.233866692
North Macedonia,MKD,2016,5.239834785
North Macedonia,MKD,2017,5.015485287
North Macedonia,MKD,2018,5.053664207
North Macedonia,MKD,2019,5.101200104
North Macedonia,MKD,2020,5.198999882
Northern Cyprus,OWID_CYN,2010,5.463305473
Northern Cyprus,OWID_CYN,2011,5.566802502
Northern Cyprus,OWID_CYN,2012,5.785978794
Northern Cyprus,OWID_CYN,2013,5.842550278
Northern Cyprus,OWID_CYN,2014,5.827127934
Northern Cyprus,OWID_CYN,2016,5.608056068
Northern Cyprus,OWID_CYN,2017,5.4666152
Northern Cyprus,OWID_CYN,2019,5.53550005
Northern Cyprus,OWID_CYN,2020,5.466599941
Norway,NOR,2004,7.415682316
Norway,NOR,2006,7.632287502
Norway,NOR,2010,7.678277016
Norway,NOR,2012,7.444470882
Norway,NOR,2013,7.603433609
Norway,NOR,2014,7.596331596
Norway,NOR,2015,7.578744888
Norway,NOR,2016,7.444262028
Norway,NOR,2017,7.442139626
Norway,NOR,2018,7.290032387
Norway,NOR,2019,7.392499924
Norway,NOR,2020,7.365099907
Oman,OMN,2009,6.852982044
Pakistan,PAK,2003,5.224657536
Pakistan,PAK,2005,5.671460629
Pakistan,PAK,2006,4.413918972
Pakistan,PAK,2007,5.208146572
Pakistan,PAK,2008,5.786132813
Pakistan,PAK,2009,5.267186165
Pakistan,PAK,2010,5.131565094
Pakistan,PAK,2011,5.138082504
Pakistan,PAK,2012,5.435657978
Pakistan,PAK,2013,4.823194981
Pakistan,PAK,2014,5.548508167
Pakistan,PAK,2015,5.830870628
Pakistan,PAK,2016,5.471553802
Pakistan,PAK,2017,4.442717552
Pakistan,PAK,2019,4.934000015
Pakistan,PAK,2020,4.515799999
Palestine,PSE,2004,4.716387749
Palestine,PSE,2005,4.151053905
Palestine,PSE,2006,4.385603428
Palestine,PSE,2007,4.470191479
Palestine,PSE,2008,4.702603817
Palestine,PSE,2009,4.751219749
Palestine,PSE,2010,4.646608353
Palestine,PSE,2011,4.844027996
Palestine,PSE,2012,4.721938133
Palestine,PSE,2013,4.695239067
Palestine,PSE,2014,4.906618118
Palestine,PSE,2015,4.62813282
Palestine,PSE,2016,4.5539217
Palestine,PSE,2017,4.48253727
Palestine,PSE,2019,4.516699791
Palestine,PSE,2020,4.482500076
Panama,PAN,2004,6.127988338
Panama,PAN,2005,6.894139767
Panama,PAN,2006,6.930903435
Panama,PAN,2007,7.033740044
Panama,PAN,2008,7.3214674
Panama,PAN,2009,7.24808073
Panama,PAN,2010,6.859835625
Panama,PAN,2011,6.86648035
Panama,PAN,2012,6.631171227
Panama,PAN,2013,6.605550289
Panama,PAN,2014,6.117638111
Panama,PAN,2015,6.567658901
Panama,PAN,2016,6.281434059
Panama,PAN,2017,6.085955143
Panama,PAN,2019,6.179599762
Panama,PAN,2020,6.309100151
Paraguay,PRY,2004,4.730082035
Paraguay,PRY,2005,5.272461414
Paraguay,PRY,2006,5.570061684
Paraguay,PRY,2007,5.576147079
Paraguay,PRY,2008,5.841174126
Paraguay,PRY,2009,5.677080631
Paraguay,PRY,2010,5.820058346
Paraguay,PRY,2011,5.936240673
Paraguay,PRY,2012,5.118641853
Paraguay,PRY,2013,5.559724331
Paraguay,PRY,2014,5.801380157
Paraguay,PRY,2015,5.71329546
Paraguay,PRY,2017,5.652625561
Paraguay,PRY,2019,5.652599812
Paraguay,PRY,2020,5.578299999
Peru,PER,2004,4.810845375
Peru,PER,2005,5.213962078
Peru,PER,2006,5.129230976
Peru,PER,2007,5.518846989
Peru,PER,2008,5.612785339
Peru,PER,2009,5.892457485
Peru,PER,2010,5.824557304
Peru,PER,2011,5.782557487
Peru,PER,2012,5.865815639
Peru,PER,2013,5.577263355
Peru,PER,2014,5.700628757
Peru,PER,2015,5.710936546
Peru,PER,2016,5.679661274
Peru,PER,2017,5.999381542
Peru,PER,2019,5.839600086
Peru,PER,2020,5.559100151
Philippines,PHL,2004,4.669945717
Philippines,PHL,2005,5.073562145
Philippines,PHL,2006,4.589065075
Philippines,PHL,2007,4.879910946
Philippines,PHL,2008,4.941514015
Philippines,PHL,2009,4.993956566
Philippines,PHL,2010,5.001965046
Philippines,PHL,2011,4.976925373
Philippines,PHL,2012,5.312550068
Philippines,PHL,2013,5.547489166
Philippines,PHL,2014,5.430832863
Philippines,PHL,2015,5.594270229
Philippines,PHL,2016,5.869172573
Philippines,PHL,2017,6.267745018
Philippines,PHL,2018,5.079585075
Philippines,PHL,2019,5.880199909
Philippines,PHL,2020,5.903600216
Poland,POL,2003,5.587209225
Poland,POL,2005,5.886137486
Poland,POL,2007,5.772027493
Poland,POL,2008,5.887029648
Poland,POL,2009,5.646204948
Poland,POL,2010,5.87593174
Poland,POL,2011,5.746131897
Poland,POL,2012,5.750282288
Poland,POL,2013,6.007021904
Poland,POL,2014,6.162076473
Poland,POL,2015,6.201268196
Poland,POL,2016,6.111485004
Poland,POL,2017,6.24209404
Poland,POL,2018,6.139455318
Poland,POL,2019,6.166100025
Poland,POL,2020,6.122799873
Portugal,PRT,2004,5.405246258
Portugal,PRT,2006,5.716966629
Portugal,PRT,2008,5.094525814
Portugal,PRT,2009,5.219997883
Portugal,PRT,2010,4.993962288
Portugal,PRT,2011,5.157688141
Portugal,PRT,2012,5.12691164
Portugal,PRT,2013,5.080866337
Portugal,PRT,2014,5.446637154
Portugal,PRT,2015,5.711499214
Portugal,PRT,2016,5.919822693
Portugal,PRT,2017,6.095473289
Portugal,PRT,2018,5.767792225
Portugal,PRT,2019,5.928999901
Portugal,PRT,2020,6.016300201
Qatar,QAT,2007,6.417824268
Qatar,QAT,2008,6.849652767
Qatar,QAT,2009,6.591604233
Qatar,QAT,2010,6.611298561
Qatar,QAT,2013,6.374529362
Romania,ROU,2003,5.048648357
Romania,ROU,2005,5.393723965
Romania,ROU,2007,5.367565155
Romania,ROU,2008,4.909165859
Romania,ROU,2009,5.02275753
Romania,ROU,2010,5.166874886
Romania,ROU,2011,5.081584454
Romania,ROU,2012,5.726893425
Romania,ROU,2013,5.777491093
Romania,ROU,2014,5.96887064
Romania,ROU,2015,6.089904785
Romania,ROU,2016,6.150878906
Romania,ROU,2017,6.129942417
Romania,ROU,2019,6.139999866
Romania,ROU,2020,6.477000237
Russia,RUS,2004,4.963742733
Russia,RUS,2005,5.222867489
Russia,RUS,2006,5.61875391
Russia,RUS,2007,5.158227921
Russia,RUS,2008,5.384773254
Russia,RUS,2009,5.388766289
Russia,RUS,2010,5.620735645
Russia,RUS,2011,5.537177563
Russia,RUS,2012,6.036976814
Russia,RUS,2013,5.995538712
Russia,RUS,2014,5.85494566
Russia,RUS,2015,5.578742981
Russia,RUS,2016,5.513500214
Russia,RUS,2017,5.440523624
Russia,RUS,2018,5.495288849
Russia,RUS,2019,5.477200031
Russia,RUS,2020,5.458600044
Rwanda,RWA,2004,4.21470356
Rwanda,RWA,2006,4.362988949
Rwanda,RWA,2007,4.029761791
Rwanda,RWA,2009,4.097435951
Rwanda,RWA,2010,3.333047867
Rwanda,RWA,2011,3.466387749
Rwanda,RWA,2012,3.595678329
Rwanda,RWA,2013,3.483108997
Rwanda,RWA,2014,3.332989931
Rwanda,RWA,2015,3.10837388
Rwanda,RWA,2016,3.5610466
Rwanda,RWA,2017,3.268152237
Rwanda,RWA,2019,3.414700031
Rwanda,RWA,2020,3.268199921
Saudi Arabia,SAU,2003,7.079644203
Saudi Arabia,SAU,2005,7.266694069
Saudi Arabia,SAU,2006,6.811370373
Saudi Arabia,SAU,2007,6.14759016
Saudi Arabia,SAU,2008,6.307098389
Saudi Arabia,SAU,2009,6.699789524
Saudi Arabia,SAU,2010,6.396359444
Saudi Arabia,SAU,2011,6.495132923
Saudi Arabia,SAU,2012,6.27837801
Saudi Arabia,SAU,2013,6.345491886
Saudi Arabia,SAU,2014,6.473921299
Saudi Arabia,SAU,2015,6.294282436
Saudi Arabia,SAU,2016,6.356393337
Saudi Arabia,SAU,2017,6.561247349
Saudi Arabia,SAU,2018,6.559588432
Saudi Arabia,SAU,2019,6.493999958
Saudi Arabia,SAU,2020,6.522799969
Senegal,SEN,2004,4.417352676
Senegal,SEN,2005,4.679986954
Senegal,SEN,2006,4.683499813
Senegal,SEN,2007,4.335114002
Senegal,SEN,2008,4.372156143
Senegal,SEN,2009,3.834201574
Senegal,SEN,2010,3.668736935
Senegal,SEN,2011,3.647367001
Senegal,SEN,2012,4.394777298
Senegal,SEN,2013,4.61700058
Senegal,SEN,2014,4.59453392
Senegal,SEN,2015,4.683024883
Senegal,SEN,2016,4.769377232
Senegal,SEN,2017,5.488736629
Senegal,SEN,2019,5.131800175
Senegal,SEN,2020,5.04610014
Serbia,SRB,2005,4.750383854
Serbia,SRB,2007,4.380311966
Serbia,SRB,2008,4.461304188
Serbia,SRB,2009,4.815186501
Serbia,SRB,2010,5.154521942
Serbia,SRB,2011,5.101840496
Serbia,SRB,2012,5.112728596
Serbia,SRB,2013,5.317685127
Serbia,SRB,2014,5.752754688
Serbia,SRB,2015,5.122031212
Serbia,SRB,2016,5.936493397
Serbia,SRB,2017,6.241407394
Serbia,SRB,2018,6.041546345
Serbia,SRB,2019,6.077899933
Serbia,SRB,2020,6.177999973
Sierra Leone,SLE,2004,3.628185034
Sierra Leone,SLE,2005,3.585127354
Sierra Leone,SLE,2006,2.997251034
Sierra Leone,SLE,2008,4.133955956
Sierra Leone,SLE,2009,4.501643658
Sierra Leone,SLE,2011,4.514291286
Sierra Leone,SLE,2012,4.499970436
Sierra Leone,SLE,2013,4.908617973
Sierra Leone,SLE,2014,4.732953072
Sierra Leone,SLE,2015,4.089562416
Sierra Leone,SLE,2016,4.305683136
Sierra Leone,SLE,2017,3.447381496
Sierra Leone,SLE,2019,3.849400043
Sierra Leone,SLE,2020,3.573999882
Singapore,SGP,2004,6.462702751
Singapore,SGP,2005,6.833754539
Singapore,SGP,2006,6.641956806
Singapore,SGP,2007,6.144676685
Singapore,SGP,2008,6.531401634
Singapore,SGP,2009,6.561041832
Singapore,SGP,2011,6.53320694
Singapore,SGP,2012,7.062364578
Singapore,SGP,2013,6.619524956
Singapore,SGP,2014,6.033480644
Singapore,SGP,2015,6.378437996
Singapore,SGP,2016,6.374564171
Singapore,SGP,2017,6.378359795
Singapore,SGP,2019,6.37650013
Singapore,SGP,2020,6.480199814
Slovakia,SVK,2004,5.264676571
Slovakia,SVK,2008,6.052223206
Slovakia,SVK,2009,5.945048332
Slovakia,SVK,2010,5.91105938
Slovakia,SVK,2011,5.936527252
Slovakia,SVK,2012,6.1388731
Slovakia,SVK,2013,6.162004471
Slovakia,SVK,2014,5.993163109
Slovakia,SVK,2015,6.365509033
Slovakia,SVK,2016,6.23511076
Slovakia,SVK,2017,6.243428707
Slovakia,SVK,2018,6.519098282
Slovakia,SVK,2019,6.330900192
Slovakia,SVK,2020,6.390699863
Slovenia,SVN,2004,5.811264515
Slovenia,SVN,2007,5.830160618
Slovenia,SVN,2008,6.082555294
Slovenia,SVN,2009,6.035964012
Slovenia,SVN,2010,6.062891006
Slovenia,SVN,2011,5.974888802
Slovenia,SVN,2012,5.678395271
Slovenia,SVN,2013,5.740642071
Slovenia,SVN,2014,5.936821461
Slovenia,SVN,2015,6.166837692
Slovenia,SVN,2016,6.249419212
Slovenia,SVN,2017,6.665273666
Slovenia,SVN,2018,6.462076187
Slovenia,SVN,2019,6.460700035
Slovenia,SVN,2020,6.630099773
Somalia,SOM,2012,5.528272629
Somalia,SOM,2013,5.353644848
Somalia,SOM,2014,4.667941093
Somaliland region,,2007,4.991399765
Somaliland region,,2008,4.657363415
Somaliland region,,2009,4.930571556
Somaliland region,,2010,5.057314396
South Africa,ZAF,2004,5.083986759
South Africa,ZAF,2005,5.204454422
South Africa,ZAF,2006,5.346306801
South Africa,ZAF,2007,5.218430996
South Africa,ZAF,2008,4.652428627
South Africa,ZAF,2009,4.930511475
South Africa,ZAF,2010,5.133887768
South Africa,ZAF,2011,3.660727262
South Africa,ZAF,2012,4.828456402
South Africa,ZAF,2013,4.887325764
South Africa,ZAF,2014,4.769739628
South Africa,ZAF,2015,4.513655186
South Africa,ZAF,2016,4.8839221
South Africa,ZAF,2017,5.034863472
South Africa,ZAF,2018,4.946800709
South Africa,ZAF,2019,4.956399918
South Africa,ZAF,2020,5.193900108
South Korea,KOR,2004,5.332177639
South Korea,KOR,2005,5.76727581
South Korea,KOR,2006,5.389624596
South Korea,KOR,2007,5.647689819
South Korea,KOR,2008,6.116024494
South Korea,KOR,2009,6.946599007
South Korea,KOR,2010,6.003286839
South Korea,KOR,2011,5.958809853
South Korea,KOR,2012,5.801325321
South Korea,KOR,2013,5.780211449
South Korea,KOR,2014,5.970564365
South Korea,KOR,2015,5.873887062
South Korea,KOR,2016,5.840231419
South Korea,KOR,2017,5.902816772
South Korea,KOR,2018,5.792695522
South Korea,KOR,2019,5.845499992
South Korea,KOR,2020,5.935100079
South Sudan,SSD,2012,3.831992388
South Sudan,SSD,2013,4.070771217
South Sudan,SSD,2014,2.888112307
South Sudan,SSD,2015,2.816622496
Spain,ESP,2003,7.152785778
Spain,ESP,2005,6.994614601
Spain,ESP,2006,7.294472694
Spain,ESP,2007,6.198601246
Spain,ESP,2008,6.188262463
Spain,ESP,2009,6.518249035
Spain,ESP,2010,6.290690422
Spain,ESP,2011,6.150027275
Spain,ESP,2012,6.456477642
Spain,ESP,2013,6.380663395
Spain,ESP,2014,6.318612099
Spain,ESP,2015,6.230173111
Spain,ESP,2016,6.513370991
Spain,ESP,2017,6.457449436
Spain,ESP,2018,6.502175331
Spain,ESP,2019,6.490699768
Spain,ESP,2020,6.476299763
Sri Lanka,LKA,2004,4.344610691
Sri Lanka,LKA,2005,4.414805412
Sri Lanka,LKA,2006,4.430846214
Sri Lanka,LKA,2007,4.212026596
Sri Lanka,LKA,2008,3.976905107
Sri Lanka,LKA,2009,4.180569172
Sri Lanka,LKA,2010,4.224593163
Sri Lanka,LKA,2011,4.364694118
Sri Lanka,LKA,2012,4.267932892
Sri Lanka,LKA,2013,4.611606598
Sri Lanka,LKA,2015,4.330945492
Sri Lanka,LKA,2016,4.435023785
Sri Lanka,LKA,2017,4.213299274
Sri Lanka,LKA,2019,4.324999809
Sri Lanka,LKA,2020,4.362199783
Sudan,SDN,2007,4.454917431
Sudan,SDN,2008,4.435159683
Sudan,SDN,2009,4.314456463
Sudan,SDN,2010,4.550499439
Sudan,SDN,2012,4.138672829
Suriname,SUR,2010,6.269286633
Sweden,SWE,2003,7.376315594
Sweden,SWE,2005,7.241362572
Sweden,SWE,2006,7.51599741
Sweden,SWE,2007,7.265977383
Sweden,SWE,2008,7.496018887
Sweden,SWE,2009,7.382232189
Sweden,SWE,2010,7.560147762
Sweden,SWE,2011,7.434010506
Sweden,SWE,2012,7.239147663
Sweden,SWE,2013,7.28892231
Sweden,SWE,2014,7.368744373
Sweden,SWE,2015,7.286804676
Sweden,SWE,2016,7.374792099
Sweden,SWE,2017,7.398092747
Sweden,SWE,2018,7.314341068
Sweden,SWE,2019,7.362699986
Sweden,SWE,2020,7.384300232
Switzerland,CHE,2004,7.473252773
Switzerland,CHE,2007,7.524520874
Switzerland,CHE,2010,7.776208878
Switzerland,CHE,2012,7.492803574
Switzerland,CHE,2013,7.572136879
Switzerland,CHE,2014,7.458519936
Switzerland,CHE,2015,7.473593235
Switzerland,CHE,2016,7.508586884
Switzerland,CHE,2017,7.69422102
Switzerland,CHE,2018,7.508435249
Switzerland,CHE,2019,7.571499825
Switzerland,CHE,2020,7.511600018
Syria,SYR,2006,5.32333231
Syria,SYR,2007,4.978970528
Syria,SYR,2008,4.464707851
Syria,SYR,2009,4.037889481
Syria,SYR,2010,3.164491177
Syria,SYR,2011,2.687552929
Syria,SYR,2013,3.46191287
Taiwan,TWN,2004,6.189050198
Taiwan,TWN,2006,5.547682285
Taiwan,TWN,2008,6.228530884
Taiwan,TWN,2009,6.308915138
Taiwan,TWN,2010,6.125916958
Taiwan,TWN,2011,6.340344429
Taiwan,TWN,2012,6.36349678
Taiwan,TWN,2013,6.450088024
Taiwan,TWN,2014,6.512850761
Taiwan,TWN,2015,6.359450817
Taiwan,TWN,2016,6.467004776
Taiwan,TWN,2017,6.537089825
Taiwan,TWN,2018,6.751067638
Taiwan,TWN,2019,6.584400177
Taiwan,TWN,2020,6.512499809
Tajikistan,TJK,2004,4.613099098
Tajikistan,TJK,2005,4.431608677
Tajikistan,TJK,2006,5.063986778
Tajikistan,TJK,2007,4.575174809
Tajikistan,TJK,2008,4.380636215
Tajikistan,TJK,2009,4.262671471
Tajikistan,TJK,2010,4.496571541
Tajikistan,TJK,2011,4.966521263
Tajikistan,TJK,2012,4.896157742
Tajikistan,TJK,2013,5.124210835
Tajikistan,TJK,2014,5.103721142
Tajikistan,TJK,2015,5.829234123
Tajikistan,TJK,2016,5.497468948
Tajikistan,TJK,2017,5.464015484
Tajikistan,TJK,2018,5.373398781
Tajikistan,TJK,2019,5.466199875
Tajikistan,TJK,2020,5.377099991
Tanzania,TZA,2004,3.922484159
Tanzania,TZA,2005,4.317949772
Tanzania,TZA,2006,4.384741783
Tanzania,TZA,2007,3.407507896
Tanzania,TZA,2008,3.229129076
Tanzania,TZA,2009,4.073562145
Tanzania,TZA,2010,4.006897449
Tanzania,TZA,2011,3.852394819
Tanzania,TZA,2012,3.483278513
Tanzania,TZA,2013,3.660597324
Tanzania,TZA,2014,2.90273428
Tanzania,TZA,2015,3.347121239
Tanzania,TZA,2016,3.445023298
Tanzania,TZA,2017,3.640154839
Tanzania,TZA,2018,3.785684109
Tanzania,TZA,2019,3.62319994
Tanzania,TZA,2020,3.702399969
Thailand,THA,2004,5.88543272
Thailand,THA,2005,5.783891201
Thailand,THA,2006,5.636471272
Thailand,THA,2007,5.475645065
Thailand,THA,2008,6.216702938
Thailand,THA,2009,6.663609028
Thailand,THA,2010,6.300235271
Thailand,THA,2011,6.231024742
Thailand,THA,2012,6.985463619
Thailand,THA,2013,6.201762676
Thailand,THA,2014,6.07363987
Thailand,THA,2015,5.938895226
Thailand,THA,2016,6.011561871
Thailand,THA,2017,6.02215147
Thailand,THA,2018,5.884544373
Thailand,THA,2019,5.984700203
Thailand,THA,2020,5.891200066
Togo,TGO,2004,3.202429295
Togo,TGO,2006,2.807855129
Togo,TGO,2009,2.936220884
Togo,TGO,2012,2.83895874
Togo,TGO,2013,3.768301964
Togo,TGO,2014,3.878578424
Togo,TGO,2015,4.360805035
Togo,TGO,2016,4.022894859
Togo,TGO,2017,4.179493904
Togo,TGO,2019,4.106800079
Togo,TGO,2020,4.112299919
Trinidad and Tobago,TTO,2004,5.832188606
Trinidad and Tobago,TTO,2006,6.696444035
Trinidad and Tobago,TTO,2009,6.518745899
Trinidad and Tobago,TTO,2011,6.167706966
Trinidad and Tobago,TTO,2015,6.191859722
Tunisia,TUN,2007,5.025470257
Tunisia,TUN,2008,5.130520821
Tunisia,TUN,2009,4.87648201
Tunisia,TUN,2010,4.463531017
Tunisia,TUN,2011,5.245604992
Tunisia,TUN,2012,4.763594627
Tunisia,TUN,2013,5.131611824
Tunisia,TUN,2014,4.521453381
Tunisia,TUN,2015,4.124342918
Tunisia,TUN,2016,4.741132259
Tunisia,TUN,2017,4.315479755
Tunisia,TUN,2018,4.730811119
Tunisia,TUN,2019,4.59649992
Tunisia,TUN,2020,4.515999794
Turkey,TUR,2003,4.718733788
Turkey,TUR,2005,5.623471737
Turkey,TUR,2006,5.118231773
Turkey,TUR,2007,5.212841511
Turkey,TUR,2008,5.490347385
Turkey,TUR,2009,5.271944046
Turkey,TUR,2010,5.309076309
Turkey,TUR,2011,4.888177395
Turkey,TUR,2012,5.579794407
Turkey,TUR,2013,5.514465332
Turkey,TUR,2014,5.326221943
Turkey,TUR,2015,5.607262135
Turkey,TUR,2016,5.185689449
Turkey,TUR,2017,4.87207365
Turkey,TUR,2018,4.861554146
Turkey,TUR,2019,4.947599888
Turkey,TUR,2020,4.74420023
Turkmenistan,TKM,2007,6.567713261
Turkmenistan,TKM,2009,5.791754723
Turkmenistan,TKM,2010,5.463827133
Turkmenistan,TKM,2011,5.391762733
Turkmenistan,TKM,2012,5.787379265
Turkmenistan,TKM,2013,5.791460037
Turkmenistan,TKM,2014,5.887051582
Turkmenistan,TKM,2015,5.229148865
Turkmenistan,TKM,2016,4.620601654
Turkmenistan,TKM,2017,5.474299908
Turkmenistan,TKM,2019,5.066400051
Turkmenistan,TKM,2020,5.474299908
Uganda,UGA,2004,3.733583927
Uganda,UGA,2005,4.45583868
Uganda,UGA,2006,4.568619251
Uganda,UGA,2007,4.611985683
Uganda,UGA,2008,4.192882061
Uganda,UGA,2009,4.826001167
Uganda,UGA,2010,4.309237957
Uganda,UGA,2011,3.709578753
Uganda,UGA,2012,3.769919157
Uganda,UGA,2013,4.237686634
Uganda,UGA,2014,4.233261108
Uganda,UGA,2015,4.000516891
Uganda,UGA,2016,4.321714878
Uganda,UGA,2017,4.948051453
Uganda,UGA,2018,4.640909672
Uganda,UGA,2019,4.636499882
Uganda,UGA,2020,4.602600098
Ukraine,UKR,2004,4.803954124
Ukraine,UKR,2005,5.25218153
Ukraine,UKR,2006,5.172380447
Ukraine,UKR,2007,5.1656394
Ukraine,UKR,2008,5.057561398
Ukraine,UKR,2009,5.083132744
Ukraine,UKR,2010,5.030342102
Ukraine,UKR,2011,4.710802555
Ukraine,UKR,2012,4.297329903
Ukraine,UKR,2013,3.964542866
Ukraine,UKR,2014,4.028690338
Ukraine,UKR,2015,4.311067104
Ukraine,UKR,2016,4.661909103
Ukraine,UKR,2017,4.701762199
Ukraine,UKR,2018,5.269675732
Ukraine,UKR,2019,4.874800205
Ukraine,UKR,2020,5.08409977
United Arab Emirates,ARE,2004,6.734221935
United Arab Emirates,ARE,2007,6.866062641
United Arab Emirates,ARE,2008,7.097455502
United Arab Emirates,ARE,2009,7.118701458
United Arab Emirates,ARE,2010,7.217766762
United Arab Emirates,ARE,2011,6.620951176
United Arab Emirates,ARE,2012,6.539854527
United Arab Emirates,ARE,2013,6.568397522
United Arab Emirates,ARE,2014,6.83095026
United Arab Emirates,ARE,2015,7.039419651
United Arab Emirates,ARE,2016,6.603743553
United Arab Emirates,ARE,2017,6.710782528
United Arab Emirates,ARE,2018,6.458392143
United Arab Emirates,ARE,2019,6.560500145
United Arab Emirates,ARE,2020,6.576000214
United Kingdom,GBR,2003,6.983556747
United Kingdom,GBR,2005,6.801930904
United Kingdom,GBR,2006,6.986463547
United Kingdom,GBR,2007,6.90654707
United Kingdom,GBR,2008,7.029364109
United Kingdom,GBR,2009,6.869248867
United Kingdom,GBR,2010,6.880784035
United Kingdom,GBR,2011,6.918055058
United Kingdom,GBR,2012,6.758147717
United Kingdom,GBR,2013,6.515445232
United Kingdom,GBR,2014,6.8242836
United Kingdom,GBR,2015,7.103273392
United Kingdom,GBR,2016,7.233445168
United Kingdom,GBR,2017,7.157151222
United Kingdom,GBR,2018,6.798177242
United Kingdom,GBR,2019,7.063600063
United Kingdom,GBR,2020,6.942500114
United States,USA,2004,7.18179369
United States,USA,2005,7.512687683
United States,USA,2006,7.280385971
United States,USA,2007,7.158032417
United States,USA,2008,7.16361618
United States,USA,2009,7.115138531
United States,USA,2010,7.026226997
United States,USA,2011,7.249285221
United States,USA,2012,7.151114464
United States,USA,2013,6.863946915
United States,USA,2014,6.803599834
United States,USA,2015,6.9917593
United States,USA,2016,6.882684708
United States,USA,2017,6.943701267
United States,USA,2018,7.028088093
United States,USA,2019,6.951499939
United States,USA,2020,6.976799965
Uruguay,URY,2004,5.785868168
Uruguay,URY,2005,5.693945885
Uruguay,URY,2006,5.663869858
Uruguay,URY,2007,6.296222687
Uruguay,URY,2008,6.062010765
Uruguay,URY,2009,6.554047108
Uruguay,URY,2010,6.449728489
Uruguay,URY,2011,6.444464684
Uruguay,URY,2012,6.561443806
Uruguay,URY,2013,6.628080368
Uruguay,URY,2014,6.171485424
Uruguay,URY,2015,6.336009979
Uruguay,URY,2016,6.371714592
Uruguay,URY,2017,6.600337029
Uruguay,URY,2018,6.309681416
Uruguay,URY,2019,6.431399822
Uruguay,URY,2020,6.473599911
Uzbekistan,UZB,2004,5.232322216
Uzbekistan,UZB,2006,5.311368465
Uzbekistan,UZB,2007,5.26072073
Uzbekistan,UZB,2008,5.095342159
Uzbekistan,UZB,2009,5.738744259
Uzbekistan,UZB,2010,6.019331932
Uzbekistan,UZB,2011,5.939986229
Uzbekistan,UZB,2012,6.049212456
Uzbekistan,UZB,2013,5.972364426
Uzbekistan,UZB,2014,5.892539024
Uzbekistan,UZB,2015,6.421447754
Uzbekistan,UZB,2016,6.205460072
Uzbekistan,UZB,2017,6.154049397
Uzbekistan,UZB,2019,6.178800106
Uzbekistan,UZB,2020,6.062699795
Venezuela,VEN,2003,7.169620991
Venezuela,VEN,2004,6.525146008
Venezuela,VEN,2006,6.257771492
Venezuela,VEN,2007,7.188803196
Venezuela,VEN,2008,7.47845459
Venezuela,VEN,2009,6.579789162
Venezuela,VEN,2010,7.066577435
Venezuela,VEN,2011,6.552796364
Venezuela,VEN,2012,6.136096478
Venezuela,VEN,2013,5.568800449
Venezuela,VEN,2014,4.041114807
Venezuela,VEN,2015,5.070750713
Venezuela,VEN,2016,5.005663395
Venezuela,VEN,2017,5.080803394
Venezuela,VEN,2018,4.573829651
Venezuela,VEN,2019,4.892199993
Venezuela,VEN,2020,4.925499916
Vietnam,VNM,2004,5.293659687
Vietnam,VNM,2005,5.421687603
Vietnam,VNM,2006,5.480425358
Vietnam,VNM,2007,5.304264545
Vietnam,VNM,2008,5.295780659
Vietnam,VNM,2009,5.767344475
Vietnam,VNM,2010,5.53456974
Vietnam,VNM,2011,5.022698879
Vietnam,VNM,2012,5.084923267
Vietnam,VNM,2013,5.076315403
Vietnam,VNM,2014,5.062267303
Vietnam,VNM,2015,5.175278664
Vietnam,VNM,2016,5.295547009
Vietnam,VNM,2017,5.467451096
Vietnam,VNM,2019,5.41079998
Vietnam,VNM,2020,5.485000134
Yemen,YEM,2005,4.477132797
Yemen,YEM,2007,4.809258938
Yemen,YEM,2008,4.35031271
Yemen,YEM,2009,3.746255636
Yemen,YEM,2010,4.060600758
Yemen,YEM,2011,4.217678547
Yemen,YEM,2012,3.967957973
Yemen,YEM,2013,2.982673883
Yemen,YEM,2014,3.825630903
Yemen,YEM,2015,3.253560066
Yemen,YEM,2016,3.057513952
Yemen,YEM,2017,4.196912766
Yemen,YEM,2019,3.657900095
Yemen,YEM,2020,4.196899891
Zambia,ZMB,2004,4.824454784
Zambia,ZMB,2005,3.998293161
Zambia,ZMB,2006,4.730263233
Zambia,ZMB,2007,5.260360718
Zambia,ZMB,2009,4.99911356
Zambia,ZMB,2010,5.013374805
Zambia,ZMB,2011,5.243995667
Zambia,ZMB,2012,4.345837116
Zambia,ZMB,2013,4.843164444
Zambia,ZMB,2014,4.347543716
Zambia,ZMB,2015,3.932777405
Zambia,ZMB,2016,4.041488171
Zambia,ZMB,2017,3.306796551
Zambia,ZMB,2018,4.837992191
Zambia,ZMB,2019,4.073400021
Zambia,ZMB,2020,3.759799957
Zimbabwe,ZWE,2004,3.826268435
Zimbabwe,ZWE,2005,3.280246735
Zimbabwe,ZWE,2006,3.174263716
Zimbabwe,ZWE,2007,4.055914402
Zimbabwe,ZWE,2008,4.681569576
Zimbabwe,ZWE,2009,4.845641613
Zimbabwe,ZWE,2010,4.955100536
Zimbabwe,ZWE,2011,4.690187931
Zimbabwe,ZWE,2012,4.184450626
Zimbabwe,ZWE,2013,3.70319128
Zimbabwe,ZWE,2014,3.7354002
Zimbabwe,ZWE,2015,3.63830018
Zimbabwe,ZWE,2016,3.616479874
Zimbabwe,ZWE,2017,2.693523169
Zimbabwe,ZWE,2018,3.159802198
Zimbabwe,ZWE,2019,3.144799948
Zimbabwe,ZWE,2020,2.995100021